[{"pk": 1, "model": "contenttypes.contenttype", "fields": {"model": "permission", "name": "permission", "app_label": "auth"}}, {"pk": 2, "model": "contenttypes.contenttype", "fields": {"model": "group", "name": "group", "app_label": "auth"}}, {"pk": 3, "model": "contenttypes.contenttype", "fields": {"model": "user", "name": "user", "app_label": "auth"}}, {"pk": 4, "model": "contenttypes.contenttype", "fields": {"model": "contenttype", "name": "content type", "app_label": "contenttypes"}}, {"pk": 5, "model": "contenttypes.contenttype", "fields": {"model": "redirect", "name": "redirect", "app_label": "redirects"}}, {"pk": 6, "model": "contenttypes.contenttype", "fields": {"model": "session", "name": "session", "app_label": "sessions"}}, {"pk": 7, "model": "contenttypes.contenttype", "fields": {"model": "site", "name": "site", "app_label": "sites"}}, {"pk": 8, "model": "contenttypes.contenttype", "fields": {"model": "workareapage", "name": "Work Area Page", "app_label": "ippc"}}, {"pk": 9, "model": "contenttypes.contenttype", "fields": {"model": "countrypage", "name": "Country Page", "app_label": "ippc"}}, {"pk": 10, "model": "contenttypes.contenttype", "fields": {"model": "peststatus", "name": "pest status", "app_label": "ippc"}}, {"pk": 11, "model": "contenttypes.contenttype", "fields": {"model": "ippcuserprofile", "name": "ippc user profile", "app_label": "ippc"}}, {"pk": 12, "model": "contenttypes.contenttype", "fields": {"model": "pestreport", "name": "pest report", "app_label": "ippc"}}, {"pk": 13, "model": "contenttypes.contenttype", "fields": {"model": "transrichtextpage", "name": "Translated Page", "app_label": "ippc"}}, {"pk": 14, "model": "contenttypes.contenttype", "fields": {"model": "translinkpage", "name": "Translated Link", "app_label": "ippc"}}, {"pk": 15, "model": "contenttypes.contenttype", "fields": {"model": "transform", "name": "Translated Form", "app_label": "ippc"}}, {"pk": 16, "model": "contenttypes.contenttype", "fields": {"model": "transfield", "name": "Translated Field", "app_label": "ippc"}}, {"pk": 17, "model": "contenttypes.contenttype", "fields": {"model": "transgallery", "name": "Translated Gallery", "app_label": "ippc"}}, {"pk": 18, "model": "contenttypes.contenttype", "fields": {"model": "transgalleryimage", "name": "Translated Image", "app_label": "ippc"}}, {"pk": 19, "model": "contenttypes.contenttype", "fields": {"model": "setting", "name": "Setting", "app_label": "conf"}}, {"pk": 20, "model": "contenttypes.contenttype", "fields": {"model": "sitepermission", "name": "Site permission", "app_label": "core"}}, {"pk": 21, "model": "contenttypes.contenttype", "fields": {"model": "threadedcomment", "name": "Comment", "app_label": "generic"}}, {"pk": 22, "model": "contenttypes.contenttype", "fields": {"model": "keyword", "name": "Keyword", "app_label": "generic"}}, {"pk": 23, "model": "contenttypes.contenttype", "fields": {"model": "assignedkeyword", "name": "assigned keyword", "app_label": "generic"}}, {"pk": 24, "model": "contenttypes.contenttype", "fields": {"model": "rating", "name": "Rating", "app_label": "generic"}}, {"pk": 25, "model": "contenttypes.contenttype", "fields": {"model": "blogpost", "name": "Blog post", "app_label": "blog"}}, {"pk": 26, "model": "contenttypes.contenttype", "fields": {"model": "blogcategory", "name": "Blog Category", "app_label": "blog"}}, {"pk": 27, "model": "contenttypes.contenttype", "fields": {"model": "form", "name": "Form", "app_label": "forms"}}, {"pk": 28, "model": "contenttypes.contenttype", "fields": {"model": "field", "name": "Field", "app_label": "forms"}}, {"pk": 29, "model": "contenttypes.contenttype", "fields": {"model": "formentry", "name": "Form entry", "app_label": "forms"}}, {"pk": 30, "model": "contenttypes.contenttype", "fields": {"model": "fieldentry", "name": "Form field entry", "app_label": "forms"}}, {"pk": 31, "model": "contenttypes.contenttype", "fields": {"model": "page", "name": "Page", "app_label": "pages"}}, {"pk": 32, "model": "contenttypes.contenttype", "fields": {"model": "richtextpage", "name": "Rich text page", "app_label": "pages"}}, {"pk": 33, "model": "contenttypes.contenttype", "fields": {"model": "link", "name": "Link", "app_label": "pages"}}, {"pk": 34, "model": "contenttypes.contenttype", "fields": {"model": "gallery", "name": "Gallery", "app_label": "galleries"}}, {"pk": 35, "model": "contenttypes.contenttype", "fields": {"model": "galleryimage", "name": "Image", "app_label": "galleries"}}, {"pk": 36, "model": "contenttypes.contenttype", "fields": {"model": "query", "name": "Twitter query", "app_label": "twitter"}}, {"pk": 37, "model": "contenttypes.contenttype", "fields": {"model": "tweet", "name": "Tweet", "app_label": "twitter"}}, {"pk": 38, "model": "contenttypes.contenttype", "fields": {"model": "medialibrary", "name": "Media Library", "app_label": "mezzanine_file_collections"}}, {"pk": 39, "model": "contenttypes.contenttype", "fields": {"model": "mediafile", "name": "Media File", "app_label": "mezzanine_file_collections"}}, {"pk": 40, "model": "contenttypes.contenttype", "fields": {"model": "file", "name": "file", "app_label": "fileupload"}}, {"pk": 41, "model": "contenttypes.contenttype", "fields": {"model": "migrationhistory", "name": "migration history", "app_label": "south"}}, {"pk": 42, "model": "contenttypes.contenttype", "fields": {"model": "logentry", "name": "log entry", "app_label": "admin"}}, {"pk": 43, "model": "contenttypes.contenttype", "fields": {"model": "comment", "name": "comment", "app_label": "comments"}}, {"pk": 44, "model": "contenttypes.contenttype", "fields": {"model": "commentflag", "name": "comment flag", "app_label": "comments"}}, {"pk": 45, "model": "contenttypes.contenttype", "fields": {"model": "publicationlibrary", "name": "Publication Library", "app_label": "ippc"}}, {"pk": 46, "model": "contenttypes.contenttype", "fields": {"model": "publication", "name": "Publication", "app_label": "ippc"}}, {"pk": 47, "model": "contenttypes.contenttype", "fields": {"model": "userobjectpermission", "name": "user object permission", "app_label": "guardian"}}, {"pk": 48, "model": "contenttypes.contenttype", "fields": {"model": "groupobjectpermission", "name": "group object permission", "app_label": "guardian"}}, {"pk": 49, "model": "contenttypes.contenttype", "fields": {"model": "message", "name": "message", "app_label": "mailer"}}, {"pk": 50, "model": "contenttypes.contenttype", "fields": {"model": "dontsendentry", "name": "don't send entry", "app_label": "mailer"}}, {"pk": 51, "model": "contenttypes.contenttype", "fields": {"model": "messagelog", "name": "message log", "app_label": "mailer"}}, {"pk": 1, "model": "redirects.redirect", "fields": {"new_path": "/about/", "site": 1, "old_path": "/en/here/"}}, {"pk": "0e190g0q72lv49pi74i5venlychik2zo", "model": "sessions.session", "fields": {"expire_date": "2014-06-05T13:23:38.158Z", "session_data": "NGEwZmM2MzFiYjUwZmQxNTUyZmJjZjRjYzM4NTBlOGU0ODBkZTQzMTqAAn1xAS4="}}, {"pk": "2gc947d8n131ty1w2latlpyeulaqlxmf", "model": "sessions.session", "fields": {"expire_date": "2013-08-19T09:59:39.448Z", "session_data": "MzZkYjBhZmY3ODY3YjZiYWQ5OTUzMTg5Nzg2MWQ4MGQ5MGI3ZjQ0NzqAAn1xAShVEl9hdXRoX3VzZXJfYmFja2VuZHECVS1tZXp6YW5pbmUuY29yZS5hdXRoX2JhY2tlbmRzLk1lenphbmluZUJhY2tlbmRxA1UNX2F1dGhfdXNlcl9pZHEESwJ1Lg=="}}, {"pk": "2xjhnnrc888gtom9dkdymwlmtgykhhqw", "model": "sessions.session", "fields": {"expire_date": "2013-12-04T14:04:14.887Z", "session_data": "NGEwZmM2MzFiYjUwZmQxNTUyZmJjZjRjYzM4NTBlOGU0ODBkZTQzMTqAAn1xAS4="}}, {"pk": "3fm0is156i897gz8360oklsfn5845yzl", "model": "sessions.session", "fields": {"expire_date": "2013-08-21T16:05:32.157Z", "session_data": "MzE4Y2RhZGU5NmZmNWQ4OWY4OGIzMDBhZjMxNmQzNDYzNzFkMTBkNzqAAn1xAShVEl9hdXRoX3VzZXJfYmFja2VuZHECVS1tZXp6YW5pbmUuY29yZS5hdXRoX2JhY2tlbmRzLk1lenphbmluZUJhY2tlbmRxA1UNX2F1dGhfdXNlcl9pZHEESwF1Lg=="}}, {"pk": "8skgnsgs1flni7locvkjgisv3zm7w13z", "model": "sessions.session", "fields": {"expire_date": "2013-08-16T11:23:47.588Z", "session_data": "MzE4Y2RhZGU5NmZmNWQ4OWY4OGIzMDBhZjMxNmQzNDYzNzFkMTBkNzqAAn1xAShVEl9hdXRoX3VzZXJfYmFja2VuZHECVS1tZXp6YW5pbmUuY29yZS5hdXRoX2JhY2tlbmRzLk1lenphbmluZUJhY2tlbmRxA1UNX2F1dGhfdXNlcl9pZHEESwF1Lg=="}}, {"pk": "ctfo3llij1jz7zj5wpz1dws1vhn410w8", "model": "sessions.session", "fields": {"expire_date": "2014-06-05T13:11:23.860Z", "session_data": "MzE4Y2RhZGU5NmZmNWQ4OWY4OGIzMDBhZjMxNmQzNDYzNzFkMTBkNzqAAn1xAShVEl9hdXRoX3VzZXJfYmFja2VuZHECVS1tZXp6YW5pbmUuY29yZS5hdXRoX2JhY2tlbmRzLk1lenphbmluZUJhY2tlbmRxA1UNX2F1dGhfdXNlcl9pZHEESwF1Lg=="}}, {"pk": "ek3j1c8j9f934xsczmxt5aho8y6yt24i", "model": "sessions.session", "fields": {"expire_date": "2014-05-07T09:21:48.009Z", "session_data": "MzE4Y2RhZGU5NmZmNWQ4OWY4OGIzMDBhZjMxNmQzNDYzNzFkMTBkNzqAAn1xAShVEl9hdXRoX3VzZXJfYmFja2VuZHECVS1tZXp6YW5pbmUuY29yZS5hdXRoX2JhY2tlbmRzLk1lenphbmluZUJhY2tlbmRxA1UNX2F1dGhfdXNlcl9pZHEESwF1Lg=="}}, {"pk": "fsynmc9ui53xdtfg6mhtyvxgv3v9cc1k", "model": "sessions.session", "fields": {"expire_date": "2014-06-19T11:52:02.075Z", "session_data": "MzE4Y2RhZGU5NmZmNWQ4OWY4OGIzMDBhZjMxNmQzNDYzNzFkMTBkNzqAAn1xAShVEl9hdXRoX3VzZXJfYmFja2VuZHECVS1tZXp6YW5pbmUuY29yZS5hdXRoX2JhY2tlbmRzLk1lenphbmluZUJhY2tlbmRxA1UNX2F1dGhfdXNlcl9pZHEESwF1Lg=="}}, {"pk": "gjieithpug640wl8eohb6b65d7xcj5sz", "model": "sessions.session", "fields": {"expire_date": "2013-08-14T12:21:47.334Z", "session_data": "NGEwZmM2MzFiYjUwZmQxNTUyZmJjZjRjYzM4NTBlOGU0ODBkZTQzMTqAAn1xAS4="}}, {"pk": "l8rol8io7kt5lxex42mbbu61dwjaj60n", "model": "sessions.session", "fields": {"expire_date": "2013-10-21T08:16:56.671Z", "session_data": "NGEwZmM2MzFiYjUwZmQxNTUyZmJjZjRjYzM4NTBlOGU0ODBkZTQzMTqAAn1xAS4="}}, {"pk": "m59aj4taoqxapp0sh29m5a4s869i85hz", "model": "sessions.session", "fields": {"expire_date": "2014-06-24T13:57:57.177Z", "session_data": "MzE4Y2RhZGU5NmZmNWQ4OWY4OGIzMDBhZjMxNmQzNDYzNzFkMTBkNzqAAn1xAShVEl9hdXRoX3VzZXJfYmFja2VuZHECVS1tZXp6YW5pbmUuY29yZS5hdXRoX2JhY2tlbmRzLk1lenphbmluZUJhY2tlbmRxA1UNX2F1dGhfdXNlcl9pZHEESwF1Lg=="}}, {"pk": "maobranstx2p4007fcv7poblrixx7mmk", "model": "sessions.session", "fields": {"expire_date": "2013-08-19T12:38:39.169Z", "session_data": "NGEwZmM2MzFiYjUwZmQxNTUyZmJjZjRjYzM4NTBlOGU0ODBkZTQzMTqAAn1xAS4="}}, {"pk": "mgbq1yiz9plidbvceylyex8xp9owhi5w", "model": "sessions.session", "fields": {"expire_date": "2013-09-17T13:38:09.228Z", "session_data": "MzE4Y2RhZGU5NmZmNWQ4OWY4OGIzMDBhZjMxNmQzNDYzNzFkMTBkNzqAAn1xAShVEl9hdXRoX3VzZXJfYmFja2VuZHECVS1tZXp6YW5pbmUuY29yZS5hdXRoX2JhY2tlbmRzLk1lenphbmluZUJhY2tlbmRxA1UNX2F1dGhfdXNlcl9pZHEESwF1Lg=="}}, {"pk": "nq8w77etpf5mioso5ofvjz08ehwrj2m2", "model": "sessions.session", "fields": {"expire_date": "2013-08-21T13:45:53.858Z", "session_data": "NGEwZmM2MzFiYjUwZmQxNTUyZmJjZjRjYzM4NTBlOGU0ODBkZTQzMTqAAn1xAS4="}}, {"pk": "rgpjpu0o1sok2eqzwzdtcwpckgvnj9h5", "model": "sessions.session", "fields": {"expire_date": "2014-06-24T12:37:34.611Z", "session_data": "MzE4Y2RhZGU5NmZmNWQ4OWY4OGIzMDBhZjMxNmQzNDYzNzFkMTBkNzqAAn1xAShVEl9hdXRoX3VzZXJfYmFja2VuZHECVS1tZXp6YW5pbmUuY29yZS5hdXRoX2JhY2tlbmRzLk1lenphbmluZUJhY2tlbmRxA1UNX2F1dGhfdXNlcl9pZHEESwF1Lg=="}}, {"pk": "szv80bpakgyowsgso1w2fqswg982ws4i", "model": "sessions.session", "fields": {"expire_date": "2014-06-24T14:04:32.671Z", "session_data": "YjYyMmMyYjdmODAzZTdjNWNlM2M3NTY2N2ZkMjBiYTFhNmM3NTZjNDqAAn1xAVgKAAAAdGVzdGNvb2tpZXECWAYAAAB3b3JrZWRxA3Mu"}}, {"pk": "t3osgv0ke3w52rvgvhtp92vgnuj15t28", "model": "sessions.session", "fields": {"expire_date": "2014-06-03T12:31:14.704Z", "session_data": "MzE4Y2RhZGU5NmZmNWQ4OWY4OGIzMDBhZjMxNmQzNDYzNzFkMTBkNzqAAn1xAShVEl9hdXRoX3VzZXJfYmFja2VuZHECVS1tZXp6YW5pbmUuY29yZS5hdXRoX2JhY2tlbmRzLk1lenphbmluZUJhY2tlbmRxA1UNX2F1dGhfdXNlcl9pZHEESwF1Lg=="}}, {"pk": "tiwyqdhvgj7wnnduvvxbqiuj3652x8hk", "model": "sessions.session", "fields": {"expire_date": "2013-08-14T12:25:38.441Z", "session_data": "NGEwZmM2MzFiYjUwZmQxNTUyZmJjZjRjYzM4NTBlOGU0ODBkZTQzMTqAAn1xAS4="}}, {"pk": "vhrxv23t6roqvumtv4wunesieh26qsus", "model": "sessions.session", "fields": {"expire_date": "2013-08-21T13:46:03.073Z", "session_data": "YjYyMmMyYjdmODAzZTdjNWNlM2M3NTY2N2ZkMjBiYTFhNmM3NTZjNDqAAn1xAVgKAAAAdGVzdGNvb2tpZXECWAYAAAB3b3JrZWRxA3Mu"}}, {"pk": "xnvpwf18t67q0hqd1onj7r7cxh3tzqmy", "model": "sessions.session", "fields": {"expire_date": "2014-06-23T08:42:36.347Z", "session_data": "MzE4Y2RhZGU5NmZmNWQ4OWY4OGIzMDBhZjMxNmQzNDYzNzFkMTBkNzqAAn1xAShVEl9hdXRoX3VzZXJfYmFja2VuZHECVS1tZXp6YW5pbmUuY29yZS5hdXRoX2JhY2tlbmRzLk1lenphbmluZUJhY2tlbmRxA1UNX2F1dGhfdXNlcl9pZHEESwF1Lg=="}}, {"pk": 1, "model": "sites.site", "fields": {"domain": "127.0.0.1:8000", "name": "Default"}}, {"pk": 1, "model": "ippc.publication", "fields": {"status": 2, "file_fr": "files/fr/2013/08/btor.pdf", "_order": 0, "agenda_number": "001", "title": "Agenda", "file_ru": "files/ru/2013/08/btor.pdf", "document_number": "sc-01", "file_zh": "files/zh/2013/08/btor.pdf", "file_es": "files/es/2013/08/ITCF_DjangoGeneral.pdf", "file_en": "files/en/2013/08/btor.pdf", "library": 9, "modify_date": "2013-08-06T12:38:30.729Z", "file_ar": "files/ar/2013/08/btor.pdf", "slug": "agenda"}}, {"pk": 2, "model": "ippc.publication", "fields": {"status": 2, "file_fr": "", "_order": 1, "agenda_number": "002", "title": "Something Else", "file_ru": "", "document_number": "sc-02", "file_zh": "", "file_es": "", "file_en": "files/en/2013/08/btor_1.pdf", "library": 9, "modify_date": "2013-08-06T12:37:22.568Z", "file_ar": "", "slug": "something-else"}}, {"pk": 3, "model": "ippc.publication", "fields": {"status": 2, "file_fr": "", "_order": 2, "agenda_number": "003", "title": "Thingamagingee Goes Here With Longish Name", "file_ru": "", "document_number": "sc-03", "file_zh": "", "file_es": "", "file_en": "files/en/2013/08/ITCF_DjangoGeneral.pdf", "library": 9, "modify_date": "2013-08-06T12:31:30.296Z", "file_ar": "", "slug": "thingamagingee-goes-here-longish-name"}}, {"pk": 5, "model": "ippc.publication", "fields": {"status": 2, "file_fr": "", "_order": 0, "agenda_number": "", "title": "Agenda", "file_ru": "", "document_number": "", "file_zh": "", "file_es": "", "file_en": "files/en/2013/08/btor_2.pdf", "library": 15, "modify_date": "2013-08-07T10:03:46.950Z", "file_ar": "", "slug": "agenda"}}, {"pk": 6, "model": "ippc.publication", "fields": {"status": 2, "file_fr": "", "_order": 1, "agenda_number": "", "title": "Test", "file_ru": "", "document_number": "", "file_zh": "", "file_es": "", "file_en": "files/en/2014/06/Screen_Shot_2014-06-03_at_12.35.09_PM.png", "library": 15, "modify_date": "2014-06-05T11:53:19.971Z", "file_ar": "", "slug": "test"}}, {"pk": 1, "model": "ippc.transrichtextpage", "fields": {"lang": "es", "title": "Sobre", "site": 1, "content": "Sobre **markdown**", "translation": 3, "slug": "sobre"}}, {"pk": 2, "model": "ippc.transrichtextpage", "fields": {"lang": "fr", "title": "Sur", "site": 1, "content": "Sur **markdown**.[^1]\r\n\r\n[^1]: Footnote!", "translation": 3, "slug": "sur"}}, {"pk": 2, "model": "blog.blogcategory", "fields": {"slug": "calls", "site": 1, "title": "Calls"}}, {"pk": 1, "model": "pages.page", "fields": {"status": 2, "_order": 3, "titles": "News & Calls", "description": "Latest news and calls.", "parent": null, "title": "News & Calls", "short_url": null, "login_required": false, "site": 1, "in_sitemap": true, "keywords_string": "", "_meta_title": "", "expiry_date": null, "publish_date": "2013-07-31T12:25:14Z", "content_model": "richtextpage", "in_menus": "1,2", "slug": "news", "gen_description": true}}, {"pk": 2, "model": "pages.page", "fields": {"status": 2, "_order": 5, "titles": "Key Documents", "description": "\nKey\nDocs\nHere\n", "parent": null, "title": "Key Documents", "short_url": null, "login_required": false, "site": 1, "in_sitemap": true, "keywords_string": "", "_meta_title": "", "expiry_date": null, "publish_date": "2013-07-31T12:17:02.450Z", "content_model": "richtextpage", "in_menus": "1,2", "slug": "key-documents", "gen_description": true}}, {"pk": 3, "model": "pages.page", "fields": {"status": 2, "_order": 0, "titles": "About", "description": "About markdown", "parent": null, "title": "About", "short_url": null, "login_required": false, "site": 1, "in_sitemap": true, "keywords_string": "", "_meta_title": "", "expiry_date": null, "publish_date": "2013-07-31T12:17:21Z", "content_model": "richtextpage", "in_menus": "1,2", "slug": "about", "gen_description": true}}, {"pk": 4, "model": "pages.page", "fields": {"status": 2, "_order": 2, "titles": "Countries", "description": "Country pages", "parent": null, "title": "Countries", "short_url": null, "login_required": false, "site": 1, "in_sitemap": true, "keywords_string": "", "_meta_title": "", "expiry_date": null, "publish_date": "2013-07-31T12:17:38.885Z", "content_model": "richtextpage", "in_menus": "1,2", "slug": "countries", "gen_description": true}}, {"pk": 5, "model": "pages.page", "fields": {"status": 2, "_order": 1, "titles": "Countries / Italy", "description": "Italy", "parent": 4, "title": "Italy", "short_url": null, "login_required": false, "site": 1, "in_sitemap": true, "keywords_string": "", "_meta_title": "", "expiry_date": null, "publish_date": "2013-07-31T12:17:56Z", "content_model": "countrypage", "in_menus": "1,2,3", "slug": "countries/italy", "gen_description": true}}, {"pk": 6, "model": "pages.page", "fields": {"status": 2, "_order": 0, "titles": "Countries / American Samoa", "description": "American Samoa", "parent": 4, "title": "American Samoa", "short_url": null, "login_required": false, "site": 1, "in_sitemap": true, "keywords_string": "", "_meta_title": "", "expiry_date": null, "publish_date": "2013-07-31T12:18:20Z", "content_model": "countrypage", "in_menus": "1,2,3", "slug": "countries/american-samoa", "gen_description": true}}, {"pk": 7, "model": "pages.page", "fields": {"status": 2, "_order": 4, "titles": "Work Area", "description": "Work are pages", "parent": null, "title": "Work Area", "short_url": null, "login_required": true, "site": 1, "in_sitemap": true, "keywords_string": "", "_meta_title": "", "expiry_date": null, "publish_date": "2013-08-02T11:24:40Z", "content_model": "richtextpage", "in_menus": "1,2", "slug": "work-area", "gen_description": true}}, {"pk": 8, "model": "pages.page", "fields": {"status": 2, "_order": 0, "titles": "Work Area / SC", "description": "Content of the SC page. Should be visible to SC members, secretariat and admins only.", "parent": 7, "title": "SC", "short_url": null, "login_required": true, "site": 1, "in_sitemap": true, "keywords_string": "", "_meta_title": "", "expiry_date": null, "publish_date": "2013-08-02T11:25:20Z", "content_model": "workareapage", "in_menus": "1,2", "slug": "work-area/sc", "gen_description": true}}, {"pk": 9, "model": "pages.page", "fields": {"status": 2, "_order": 0, "titles": "Work Area / SC / SC 2013 June Meeting", "description": "Here are the documents for this meeting.", "parent": 8, "title": "SC 2013 June Meeting", "short_url": null, "login_required": true, "site": 1, "in_sitemap": true, "keywords_string": "", "_meta_title": "", "expiry_date": null, "publish_date": "2013-08-06T09:11:27Z", "content_model": "publicationlibrary", "in_menus": "1,2,3", "slug": "work-area/sc/sc-2013-june-meeting", "gen_description": true}}, {"pk": 10, "model": "pages.page", "fields": {"status": 2, "_order": 1, "titles": "Core Activities", "description": "Core acts.", "parent": null, "title": "Core Activities", "short_url": null, "login_required": false, "site": 1, "in_sitemap": true, "keywords_string": "", "_meta_title": "", "expiry_date": null, "publish_date": "2013-08-07T08:02:46Z", "content_model": "richtextpage", "in_menus": "1,2,3", "slug": "core-activities", "gen_description": true}}, {"pk": 11, "model": "pages.page", "fields": {"status": 2, "_order": 0, "titles": "Core Activities / Governance", "description": "Governators.", "parent": 10, "title": "Governance", "short_url": null, "login_required": false, "site": 1, "in_sitemap": true, "keywords_string": "", "_meta_title": "", "expiry_date": null, "publish_date": "2013-08-07T08:03:24Z", "content_model": "richtextpage", "in_menus": "1,2", "slug": "core-activities/governance", "gen_description": true}}, {"pk": 12, "model": "pages.page", "fields": {"status": 2, "_order": 0, "titles": "Core Activities / Governance / CPM", "description": "\nCPM 8\n", "parent": 11, "title": "CPM", "short_url": null, "login_required": false, "site": 1, "in_sitemap": true, "keywords_string": "", "_meta_title": "", "expiry_date": null, "publish_date": "2013-08-07T08:05:37Z", "content_model": "richtextpage", "in_menus": "1,2", "slug": "core-activities/governance/cpm", "gen_description": true}}, {"pk": 14, "model": "pages.page", "fields": {"status": 2, "_order": 1, "titles": "Work Area / TPDP", "description": "Only users in TPDP or Secretariat groups should be able to see this (as well as admins).", "parent": 7, "title": "TPDP", "short_url": null, "login_required": true, "site": 1, "in_sitemap": true, "keywords_string": "", "_meta_title": "", "expiry_date": null, "publish_date": "2013-08-07T08:35:04Z", "content_model": "workareapage", "in_menus": "1,2", "slug": "work-area/tpdp", "gen_description": true}}, {"pk": 15, "model": "pages.page", "fields": {"status": 2, "_order": 0, "titles": "Core Activities / Governance / CPM / CPM8", "description": "Heeeey", "parent": 12, "title": "CPM8", "short_url": null, "login_required": false, "site": 1, "in_sitemap": true, "keywords_string": "", "_meta_title": "", "expiry_date": null, "publish_date": "2013-08-07T10:03:46Z", "content_model": "publicationlibrary", "in_menus": "1,2", "slug": "core-activities/governance/cpm/cpm8", "gen_description": true}}, {"pk": 16, "model": "pages.page", "fields": {"status": 2, "_order": 6, "titles": "Test", "description": "test", "parent": null, "title": "Test", "short_url": null, "login_required": false, "site": 1, "in_sitemap": true, "keywords_string": "", "_meta_title": "", "expiry_date": null, "publish_date": "2014-05-22T13:23:27.835Z", "content_model": "richtextpage", "in_menus": "1,2,3", "slug": "test", "gen_description": true}}, {"pk": 3, "model": "pages.richtextpage", "fields": {"content": "About **markdown**"}}, {"pk": 10, "model": "pages.richtextpage", "fields": {"content": "Core acts."}}, {"pk": 11, "model": "pages.richtextpage", "fields": {"content": "Governators.\r\n\r\n- [CPM](/core-activities/governance/cpm)"}}, {"pk": 12, "model": "pages.richtextpage", "fields": {"content": "- [CPM 8](/core-activities/governance/cpm/cpm8-1/)"}}, {"pk": 4, "model": "pages.richtextpage", "fields": {"content": "Country pages"}}, {"pk": 2, "model": "pages.richtextpage", "fields": {"content": "- Key\r\n- Docs\r\n- Here"}}, {"pk": 1, "model": "pages.richtextpage", "fields": {"content": "Latest news and calls."}}, {"pk": 16, "model": "pages.richtextpage", "fields": {"content": "test"}}, {"pk": 7, "model": "pages.richtextpage", "fields": {"content": "Work are pages"}}, {"pk": 1, "model": "south.migrationhistory", "fields": {"applied": "2013-07-31T12:16:28.592Z", "app_name": "ippc", "migration": "0001_initial"}}, {"pk": 2, "model": "south.migrationhistory", "fields": {"applied": "2013-07-31T12:16:28.595Z", "app_name": "ippc", "migration": "0002_auto__add_field_countrypage_content"}}, {"pk": 3, "model": "south.migrationhistory", "fields": {"applied": "2013-07-31T12:16:28.597Z", "app_name": "ippc", "migration": "0003_auto__del_field_countrypage_iso3__del_field_countrypage_iso__chg_field"}}, {"pk": 4, "model": "south.migrationhistory", "fields": {"applied": "2013-07-31T12:16:28.600Z", "app_name": "ippc", "migration": "0004_auto__del_field_countrypage_content"}}, {"pk": 5, "model": "south.migrationhistory", "fields": {"applied": "2013-07-31T12:16:28.604Z", "app_name": "ippc", "migration": "0005_auto__add_field_countrypage_iso__chg_field_countrypage_page_ptr"}}, {"pk": 6, "model": "south.migrationhistory", "fields": {"applied": "2013-07-31T12:16:28.607Z", "app_name": "ippc", "migration": "0006_auto__del_field_countrypage_iso__chg_field_countrypage_page_ptr__chg_f"}}, {"pk": 7, "model": "south.migrationhistory", "fields": {"applied": "2013-07-31T12:16:28.610Z", "app_name": "ippc", "migration": "0007_auto__add_field_countrypage_iso__chg_field_countrypage_page_ptr"}}, {"pk": 8, "model": "south.migrationhistory", "fields": {"applied": "2013-07-31T12:16:28.613Z", "app_name": "ippc", "migration": "0008_auto__chg_field_ippcuserprofile_country__add_index_ippcuserprofile_cou"}}, {"pk": 9, "model": "south.migrationhistory", "fields": {"applied": "2013-07-31T12:16:28.634Z", "app_name": "conf", "migration": "0001_initial"}}, {"pk": 10, "model": "south.migrationhistory", "fields": {"applied": "2013-07-31T12:16:28.637Z", "app_name": "conf", "migration": "0002_auto__add_field_setting_site"}}, {"pk": 11, "model": "south.migrationhistory", "fields": {"applied": "2013-07-31T12:16:28.640Z", "app_name": "conf", "migration": "0003_update_site_setting"}}, {"pk": 12, "model": "south.migrationhistory", "fields": {"applied": "2013-07-31T12:16:28.642Z", "app_name": "conf", "migration": "0004_ssl_account_settings_rename"}}, {"pk": 13, "model": "south.migrationhistory", "fields": {"applied": "2013-07-31T12:16:28.668Z", "app_name": "core", "migration": "0001_initial"}}, {"pk": 14, "model": "south.migrationhistory", "fields": {"applied": "2013-07-31T12:16:28.671Z", "app_name": "pages", "migration": "0001_initial"}}, {"pk": 15, "model": "south.migrationhistory", "fields": {"applied": "2013-07-31T12:16:28.674Z", "app_name": "pages", "migration": "0002_auto__del_field_page__keywords__add_field_page_keywords_string__chg_fi"}}, {"pk": 16, "model": "south.migrationhistory", "fields": {"applied": "2013-07-31T12:16:28.677Z", "app_name": "blog", "migration": "0001_initial"}}, {"pk": 17, "model": "south.migrationhistory", "fields": {"applied": "2013-07-31T12:16:28.681Z", "app_name": "blog", "migration": "0002_auto"}}, {"pk": 18, "model": "south.migrationhistory", "fields": {"applied": "2013-07-31T12:16:28.684Z", "app_name": "blog", "migration": "0003_categories"}}, {"pk": 19, "model": "south.migrationhistory", "fields": {"applied": "2013-07-31T12:16:28.687Z", "app_name": "blog", "migration": "0004_auto__del_field_blogpost_category"}}, {"pk": 20, "model": "south.migrationhistory", "fields": {"applied": "2013-07-31T12:16:28.690Z", "app_name": "blog", "migration": "0005_auto__del_comment__add_field_blogpost_comments_count__chg_field_blogpo"}}, {"pk": 21, "model": "south.migrationhistory", "fields": {"applied": "2013-07-31T12:16:28.693Z", "app_name": "blog", "migration": "0006_auto__del_field_blogpost__keywords__add_field_blogpost_keywords_string"}}, {"pk": 22, "model": "south.migrationhistory", "fields": {"applied": "2013-07-31T12:16:28.696Z", "app_name": "core", "migration": "0002_auto__del_keyword"}}, {"pk": 23, "model": "south.migrationhistory", "fields": {"applied": "2013-07-31T12:16:28.699Z", "app_name": "core", "migration": "0003_auto__add_sitepermission"}}, {"pk": 24, "model": "south.migrationhistory", "fields": {"applied": "2013-07-31T12:16:28.702Z", "app_name": "core", "migration": "0004_set_site_permissions"}}, {"pk": 25, "model": "south.migrationhistory", "fields": {"applied": "2013-07-31T12:16:28.704Z", "app_name": "core", "migration": "0005_auto__chg_field_sitepermission_user__del_unique_sitepermission_user"}}, {"pk": 26, "model": "south.migrationhistory", "fields": {"applied": "2013-07-31T12:16:28.731Z", "app_name": "generic", "migration": "0001_initial"}}, {"pk": 27, "model": "south.migrationhistory", "fields": {"applied": "2013-07-31T12:16:28.734Z", "app_name": "generic", "migration": "0002_auto__add_keyword__add_assignedkeyword"}}, {"pk": 28, "model": "south.migrationhistory", "fields": {"applied": "2013-07-31T12:16:28.737Z", "app_name": "generic", "migration": "0003_auto__add_rating"}}, {"pk": 29, "model": "south.migrationhistory", "fields": {"applied": "2013-07-31T12:16:28.739Z", "app_name": "generic", "migration": "0004_auto__chg_field_rating_object_pk__chg_field_assignedkeyword_object_pk"}}, {"pk": 30, "model": "south.migrationhistory", "fields": {"applied": "2013-07-31T12:16:28.743Z", "app_name": "generic", "migration": "0005_keyword_site"}}, {"pk": 31, "model": "south.migrationhistory", "fields": {"applied": "2013-07-31T12:16:28.746Z", "app_name": "generic", "migration": "0006_move_keywords"}}, {"pk": 32, "model": "south.migrationhistory", "fields": {"applied": "2013-07-31T12:16:28.750Z", "app_name": "generic", "migration": "0007_auto__add_field_assignedkeyword__order"}}, {"pk": 33, "model": "south.migrationhistory", "fields": {"applied": "2013-07-31T12:16:28.754Z", "app_name": "generic", "migration": "0008_set_keyword_order"}}, {"pk": 34, "model": "south.migrationhistory", "fields": {"applied": "2013-07-31T12:16:28.756Z", "app_name": "generic", "migration": "0009_auto__chg_field_keyword_title__chg_field_keyword_slug"}}, {"pk": 35, "model": "south.migrationhistory", "fields": {"applied": "2013-07-31T12:16:28.759Z", "app_name": "generic", "migration": "0009_auto__del_field_threadedcomment_email_hash"}}, {"pk": 36, "model": "south.migrationhistory", "fields": {"applied": "2013-07-31T12:16:28.762Z", "app_name": "generic", "migration": "0010_auto__chg_field_keyword_slug__chg_field_keyword_title"}}, {"pk": 37, "model": "south.migrationhistory", "fields": {"applied": "2013-07-31T12:16:28.765Z", "app_name": "generic", "migration": "0011_auto__add_field_threadedcomment_rating_count__add_field_threadedcommen"}}, {"pk": 38, "model": "south.migrationhistory", "fields": {"applied": "2013-07-31T12:16:28.768Z", "app_name": "generic", "migration": "0012_auto__add_field_rating_rating_date"}}, {"pk": 39, "model": "south.migrationhistory", "fields": {"applied": "2013-07-31T12:16:28.770Z", "app_name": "generic", "migration": "0013_auto__add_field_threadedcomment_rating_sum"}}, {"pk": 40, "model": "south.migrationhistory", "fields": {"applied": "2013-07-31T12:16:28.773Z", "app_name": "generic", "migration": "0014_auto__add_field_rating_user"}}, {"pk": 41, "model": "south.migrationhistory", "fields": {"applied": "2013-07-31T12:16:28.802Z", "app_name": "blog", "migration": "0007_auto__add_field_blogpost_site"}}, {"pk": 42, "model": "south.migrationhistory", "fields": {"applied": "2013-07-31T12:16:28.805Z", "app_name": "blog", "migration": "0008_auto__add_field_blogpost_rating_average__add_field_blogpost_rating_cou"}}, {"pk": 43, "model": "south.migrationhistory", "fields": {"applied": "2013-07-31T12:16:28.807Z", "app_name": "blog", "migration": "0009_auto__chg_field_blogpost_content"}}, {"pk": 44, "model": "south.migrationhistory", "fields": {"applied": "2013-07-31T12:16:28.810Z", "app_name": "blog", "migration": "0010_category_site_allow_comments"}}, {"pk": 45, "model": "south.migrationhistory", "fields": {"applied": "2013-07-31T12:16:28.814Z", "app_name": "blog", "migration": "0011_comment_site_data"}}, {"pk": 46, "model": "south.migrationhistory", "fields": {"applied": "2013-07-31T12:16:28.816Z", "app_name": "blog", "migration": "0012_auto__add_field_blogpost_featured_image"}}, {"pk": 47, "model": "south.migrationhistory", "fields": {"applied": "2013-07-31T12:16:28.819Z", "app_name": "blog", "migration": "0013_auto__chg_field_blogpost_featured_image"}}, {"pk": 48, "model": "south.migrationhistory", "fields": {"applied": "2013-07-31T12:16:28.822Z", "app_name": "blog", "migration": "0014_auto__add_field_blogpost_gen_description"}}, {"pk": 49, "model": "south.migrationhistory", "fields": {"applied": "2013-07-31T12:16:28.825Z", "app_name": "blog", "migration": "0015_auto__chg_field_blogcategory_title__chg_field_blogcategory_slug__chg_f"}}, {"pk": 50, "model": "south.migrationhistory", "fields": {"applied": "2013-07-31T12:16:28.829Z", "app_name": "blog", "migration": "0016_add_field_blogpost__meta_title"}}, {"pk": 51, "model": "south.migrationhistory", "fields": {"applied": "2013-07-31T12:16:28.831Z", "app_name": "blog", "migration": "0017_add_field_blogpost__related_posts"}}, {"pk": 52, "model": "south.migrationhistory", "fields": {"applied": "2013-07-31T12:16:28.906Z", "app_name": "blog", "migration": "0018_auto__add_field_blogpost_in_sitemap"}}, {"pk": 53, "model": "south.migrationhistory", "fields": {"applied": "2013-07-31T12:16:28.910Z", "app_name": "blog", "migration": "0019_auto__add_field_blogpost_rating_sum"}}, {"pk": 54, "model": "south.migrationhistory", "fields": {"applied": "2013-07-31T12:16:28.970Z", "app_name": "forms", "migration": "0001_initial"}}, {"pk": 55, "model": "south.migrationhistory", "fields": {"applied": "2013-07-31T12:16:28.973Z", "app_name": "forms", "migration": "0002_auto__add_field_field_placeholder_text"}}, {"pk": 56, "model": "south.migrationhistory", "fields": {"applied": "2013-07-31T12:16:28.976Z", "app_name": "forms", "migration": "0003_auto__chg_field_field_field_type"}}, {"pk": 57, "model": "south.migrationhistory", "fields": {"applied": "2013-07-31T12:16:28.979Z", "app_name": "forms", "migration": "0004_auto__chg_field_form_response__chg_field_form_content"}}, {"pk": 58, "model": "south.migrationhistory", "fields": {"applied": "2013-07-31T12:16:28.982Z", "app_name": "forms", "migration": "0005_auto__chg_field_fieldentry_value"}}, {"pk": 59, "model": "south.migrationhistory", "fields": {"applied": "2013-07-31T12:16:29.009Z", "app_name": "pages", "migration": "0003_auto__add_field_page_site"}}, {"pk": 60, "model": "south.migrationhistory", "fields": {"applied": "2013-07-31T12:16:29.012Z", "app_name": "pages", "migration": "0004_auto__del_contentpage__add_richtextpage"}}, {"pk": 61, "model": "south.migrationhistory", "fields": {"applied": "2013-07-31T12:16:29.014Z", "app_name": "pages", "migration": "0005_rename_contentpage"}}, {"pk": 62, "model": "south.migrationhistory", "fields": {"applied": "2013-07-31T12:16:29.017Z", "app_name": "pages", "migration": "0006_auto__add_field_page_gen_description"}}, {"pk": 63, "model": "south.migrationhistory", "fields": {"applied": "2013-07-31T12:16:29.021Z", "app_name": "pages", "migration": "0007_auto__chg_field_page_slug__chg_field_page_title"}}, {"pk": 64, "model": "south.migrationhistory", "fields": {"applied": "2013-07-31T12:16:29.024Z", "app_name": "pages", "migration": "0008_auto__add_link"}}, {"pk": 65, "model": "south.migrationhistory", "fields": {"applied": "2013-07-31T12:16:29.027Z", "app_name": "pages", "migration": "0009_add_field_page_in_menus"}}, {"pk": 66, "model": "south.migrationhistory", "fields": {"applied": "2013-07-31T12:16:29.030Z", "app_name": "pages", "migration": "0010_set_menus"}}, {"pk": 67, "model": "south.migrationhistory", "fields": {"applied": "2013-07-31T12:16:29.033Z", "app_name": "pages", "migration": "0011_delete_nav_flags"}}, {"pk": 68, "model": "south.migrationhistory", "fields": {"applied": "2013-07-31T12:16:29.036Z", "app_name": "pages", "migration": "0012_add_field_page__meta_title"}}, {"pk": 69, "model": "south.migrationhistory", "fields": {"applied": "2013-07-31T12:16:29.039Z", "app_name": "pages", "migration": "0013_auto__add_field_page_in_sitemap"}}, {"pk": 70, "model": "south.migrationhistory", "fields": {"applied": "2013-07-31T12:16:29.063Z", "app_name": "galleries", "migration": "0001_initial"}}, {"pk": 71, "model": "south.migrationhistory", "fields": {"applied": "2013-07-31T12:16:29.088Z", "app_name": "twitter", "migration": "0001_initial"}}, {"pk": 72, "model": "south.migrationhistory", "fields": {"applied": "2013-07-31T12:16:29.091Z", "app_name": "twitter", "migration": "0002_auto__chg_field_query_value"}}, {"pk": 73, "model": "south.migrationhistory", "fields": {"applied": "2013-07-31T12:16:29.116Z", "app_name": "mezzanine_file_collections", "migration": "0001_initial"}}, {"pk": 74, "model": "south.migrationhistory", "fields": {"applied": "2013-08-02T09:03:08.510Z", "app_name": "ippc", "migration": "0009_auto__chg_field_ippcuserprofile_country__del_field_pestreport_publish_"}}, {"pk": 75, "model": "south.migrationhistory", "fields": {"applied": "2013-08-05T09:10:22.918Z", "app_name": "ippc", "migration": "0010_auto__add_field_pestreport_keywords_string__add_field_pestreport_site_"}}, {"pk": 76, "model": "south.migrationhistory", "fields": {"applied": "2013-08-06T08:44:45.703Z", "app_name": "ippc", "migration": "0011_auto__add_publicationlibrary__add_publication__add_file"}}, {"pk": 77, "model": "south.migrationhistory", "fields": {"applied": "2013-08-06T08:44:45.939Z", "app_name": "ippc", "migration": "0012_auto__del_file__del_field_publication_status__del_field_publication_sh"}}, {"pk": 78, "model": "south.migrationhistory", "fields": {"applied": "2013-08-06T09:10:30.420Z", "app_name": "ippc", "migration": "0013_auto__del_field_publication_author"}}, {"pk": 79, "model": "south.migrationhistory", "fields": {"applied": "2013-08-06T15:26:52.141Z", "app_name": "guardian", "migration": "0001_initial"}}, {"pk": 80, "model": "south.migrationhistory", "fields": {"applied": "2013-08-06T15:26:52.179Z", "app_name": "guardian", "migration": "0002_auto__add_field_groupobjectpermission_object_pk__add_field_userobjectp"}}, {"pk": 81, "model": "south.migrationhistory", "fields": {"applied": "2013-08-06T15:26:52.194Z", "app_name": "guardian", "migration": "0003_update_objectpermission_object_pk"}}, {"pk": 82, "model": "south.migrationhistory", "fields": {"applied": "2013-08-06T15:26:52.255Z", "app_name": "guardian", "migration": "0004_auto__del_field_groupobjectpermission_object_id__del_unique_groupobjec"}}, {"pk": 83, "model": "south.migrationhistory", "fields": {"applied": "2013-08-06T15:26:52.293Z", "app_name": "guardian", "migration": "0005_auto__chg_field_groupobjectpermission_object_pk__chg_field_userobjectp"}}, {"pk": 84, "model": "south.migrationhistory", "fields": {"applied": "2013-08-06T15:26:52.328Z", "app_name": "guardian", "migration": "0006_auto__del_unique_groupobjectpermission_object_pk_group_content_type_pe"}}, {"pk": 85, "model": "south.migrationhistory", "fields": {"applied": "2013-08-07T09:55:51.280Z", "app_name": "ippc", "migration": "0014_auto"}}, {"pk": 86, "model": "south.migrationhistory", "fields": {"applied": "2013-08-07T12:33:16.946Z", "app_name": "ippc", "migration": "0015_auto__add_field_publication_status"}}, {"pk": 87, "model": "south.migrationhistory", "fields": {"applied": "2013-09-03T13:37:49.536Z", "app_name": "mailer", "migration": "0001_initial"}}, {"pk": 1, "model": "mailer.message", "fields": {"message_body": "test", "to_address": "s@s.com", "from_address": "ippc-it@fao.org", "when_added": "2013-09-03T14:43:55Z", "priority": "1", "subject": "test"}}, {"pk": 1, "model": "auth.permission", "fields": {"codename": "add_permission", "name": "Can add permission", "content_type": 1}}, {"pk": 2, "model": "auth.permission", "fields": {"codename": "change_permission", "name": "Can change permission", "content_type": 1}}, {"pk": 3, "model": "auth.permission", "fields": {"codename": "delete_permission", "name": "Can delete permission", "content_type": 1}}, {"pk": 4, "model": "auth.permission", "fields": {"codename": "add_group", "name": "Can add group", "content_type": 2}}, {"pk": 5, "model": "auth.permission", "fields": {"codename": "change_group", "name": "Can change group", "content_type": 2}}, {"pk": 6, "model": "auth.permission", "fields": {"codename": "delete_group", "name": "Can delete group", "content_type": 2}}, {"pk": 7, "model": "auth.permission", "fields": {"codename": "add_user", "name": "Can add user", "content_type": 3}}, {"pk": 8, "model": "auth.permission", "fields": {"codename": "change_user", "name": "Can change user", "content_type": 3}}, {"pk": 9, "model": "auth.permission", "fields": {"codename": "delete_user", "name": "Can delete user", "content_type": 3}}, {"pk": 10, "model": "auth.permission", "fields": {"codename": "add_contenttype", "name": "Can add content type", "content_type": 4}}, {"pk": 11, "model": "auth.permission", "fields": {"codename": "change_contenttype", "name": "Can change content type", "content_type": 4}}, {"pk": 12, "model": "auth.permission", "fields": {"codename": "delete_contenttype", "name": "Can delete content type", "content_type": 4}}, {"pk": 13, "model": "auth.permission", "fields": {"codename": "add_redirect", "name": "Can add redirect", "content_type": 5}}, {"pk": 14, "model": "auth.permission", "fields": {"codename": "change_redirect", "name": "Can change redirect", "content_type": 5}}, {"pk": 15, "model": "auth.permission", "fields": {"codename": "delete_redirect", "name": "Can delete redirect", "content_type": 5}}, {"pk": 16, "model": "auth.permission", "fields": {"codename": "add_session", "name": "Can add session", "content_type": 6}}, {"pk": 17, "model": "auth.permission", "fields": {"codename": "change_session", "name": "Can change session", "content_type": 6}}, {"pk": 18, "model": "auth.permission", "fields": {"codename": "delete_session", "name": "Can delete session", "content_type": 6}}, {"pk": 19, "model": "auth.permission", "fields": {"codename": "add_site", "name": "Can add site", "content_type": 7}}, {"pk": 20, "model": "auth.permission", "fields": {"codename": "change_site", "name": "Can change site", "content_type": 7}}, {"pk": 21, "model": "auth.permission", "fields": {"codename": "delete_site", "name": "Can delete site", "content_type": 7}}, {"pk": 22, "model": "auth.permission", "fields": {"codename": "add_workareapage", "name": "Can add Work Area Page", "content_type": 8}}, {"pk": 23, "model": "auth.permission", "fields": {"codename": "change_workareapage", "name": "Can change Work Area Page", "content_type": 8}}, {"pk": 24, "model": "auth.permission", "fields": {"codename": "delete_workareapage", "name": "Can delete Work Area Page", "content_type": 8}}, {"pk": 25, "model": "auth.permission", "fields": {"codename": "add_countrypage", "name": "Can add Country Page", "content_type": 9}}, {"pk": 26, "model": "auth.permission", "fields": {"codename": "change_countrypage", "name": "Can change Country Page", "content_type": 9}}, {"pk": 27, "model": "auth.permission", "fields": {"codename": "delete_countrypage", "name": "Can delete Country Page", "content_type": 9}}, {"pk": 28, "model": "auth.permission", "fields": {"codename": "add_peststatus", "name": "Can add pest status", "content_type": 10}}, {"pk": 29, "model": "auth.permission", "fields": {"codename": "change_peststatus", "name": "Can change pest status", "content_type": 10}}, {"pk": 30, "model": "auth.permission", "fields": {"codename": "delete_peststatus", "name": "Can delete pest status", "content_type": 10}}, {"pk": 31, "model": "auth.permission", "fields": {"codename": "add_ippcuserprofile", "name": "Can add ippc user profile", "content_type": 11}}, {"pk": 32, "model": "auth.permission", "fields": {"codename": "change_ippcuserprofile", "name": "Can change ippc user profile", "content_type": 11}}, {"pk": 33, "model": "auth.permission", "fields": {"codename": "delete_ippcuserprofile", "name": "Can delete ippc user profile", "content_type": 11}}, {"pk": 34, "model": "auth.permission", "fields": {"codename": "add_pestreport", "name": "Can add pest report", "content_type": 12}}, {"pk": 35, "model": "auth.permission", "fields": {"codename": "change_pestreport", "name": "Can change pest report", "content_type": 12}}, {"pk": 36, "model": "auth.permission", "fields": {"codename": "delete_pestreport", "name": "Can delete pest report", "content_type": 12}}, {"pk": 37, "model": "auth.permission", "fields": {"codename": "add_transrichtextpage", "name": "Can add Translated Page", "content_type": 13}}, {"pk": 38, "model": "auth.permission", "fields": {"codename": "change_transrichtextpage", "name": "Can change Translated Page", "content_type": 13}}, {"pk": 39, "model": "auth.permission", "fields": {"codename": "delete_transrichtextpage", "name": "Can delete Translated Page", "content_type": 13}}, {"pk": 40, "model": "auth.permission", "fields": {"codename": "add_translinkpage", "name": "Can add Translated Link", "content_type": 14}}, {"pk": 41, "model": "auth.permission", "fields": {"codename": "change_translinkpage", "name": "Can change Translated Link", "content_type": 14}}, {"pk": 42, "model": "auth.permission", "fields": {"codename": "delete_translinkpage", "name": "Can delete Translated Link", "content_type": 14}}, {"pk": 43, "model": "auth.permission", "fields": {"codename": "add_transform", "name": "Can add Translated Form", "content_type": 15}}, {"pk": 44, "model": "auth.permission", "fields": {"codename": "change_transform", "name": "Can change Translated Form", "content_type": 15}}, {"pk": 45, "model": "auth.permission", "fields": {"codename": "delete_transform", "name": "Can delete Translated Form", "content_type": 15}}, {"pk": 46, "model": "auth.permission", "fields": {"codename": "add_transfield", "name": "Can add Translated Field", "content_type": 16}}, {"pk": 47, "model": "auth.permission", "fields": {"codename": "change_transfield", "name": "Can change Translated Field", "content_type": 16}}, {"pk": 48, "model": "auth.permission", "fields": {"codename": "delete_transfield", "name": "Can delete Translated Field", "content_type": 16}}, {"pk": 49, "model": "auth.permission", "fields": {"codename": "add_transgallery", "name": "Can add Translated Gallery", "content_type": 17}}, {"pk": 50, "model": "auth.permission", "fields": {"codename": "change_transgallery", "name": "Can change Translated Gallery", "content_type": 17}}, {"pk": 51, "model": "auth.permission", "fields": {"codename": "delete_transgallery", "name": "Can delete Translated Gallery", "content_type": 17}}, {"pk": 52, "model": "auth.permission", "fields": {"codename": "add_transgalleryimage", "name": "Can add Translated Image", "content_type": 18}}, {"pk": 53, "model": "auth.permission", "fields": {"codename": "change_transgalleryimage", "name": "Can change Translated Image", "content_type": 18}}, {"pk": 54, "model": "auth.permission", "fields": {"codename": "delete_transgalleryimage", "name": "Can delete Translated Image", "content_type": 18}}, {"pk": 55, "model": "auth.permission", "fields": {"codename": "add_setting", "name": "Can add Setting", "content_type": 19}}, {"pk": 56, "model": "auth.permission", "fields": {"codename": "change_setting", "name": "Can change Setting", "content_type": 19}}, {"pk": 57, "model": "auth.permission", "fields": {"codename": "delete_setting", "name": "Can delete Setting", "content_type": 19}}, {"pk": 58, "model": "auth.permission", "fields": {"codename": "add_sitepermission", "name": "Can add Site permission", "content_type": 20}}, {"pk": 59, "model": "auth.permission", "fields": {"codename": "change_sitepermission", "name": "Can change Site permission", "content_type": 20}}, {"pk": 60, "model": "auth.permission", "fields": {"codename": "delete_sitepermission", "name": "Can delete Site permission", "content_type": 20}}, {"pk": 61, "model": "auth.permission", "fields": {"codename": "add_threadedcomment", "name": "Can add Comment", "content_type": 21}}, {"pk": 62, "model": "auth.permission", "fields": {"codename": "change_threadedcomment", "name": "Can change Comment", "content_type": 21}}, {"pk": 63, "model": "auth.permission", "fields": {"codename": "delete_threadedcomment", "name": "Can delete Comment", "content_type": 21}}, {"pk": 64, "model": "auth.permission", "fields": {"codename": "add_keyword", "name": "Can add Keyword", "content_type": 22}}, {"pk": 65, "model": "auth.permission", "fields": {"codename": "change_keyword", "name": "Can change Keyword", "content_type": 22}}, {"pk": 66, "model": "auth.permission", "fields": {"codename": "delete_keyword", "name": "Can delete Keyword", "content_type": 22}}, {"pk": 67, "model": "auth.permission", "fields": {"codename": "add_assignedkeyword", "name": "Can add assigned keyword", "content_type": 23}}, {"pk": 68, "model": "auth.permission", "fields": {"codename": "change_assignedkeyword", "name": "Can change assigned keyword", "content_type": 23}}, {"pk": 69, "model": "auth.permission", "fields": {"codename": "delete_assignedkeyword", "name": "Can delete assigned keyword", "content_type": 23}}, {"pk": 70, "model": "auth.permission", "fields": {"codename": "add_rating", "name": "Can add Rating", "content_type": 24}}, {"pk": 71, "model": "auth.permission", "fields": {"codename": "change_rating", "name": "Can change Rating", "content_type": 24}}, {"pk": 72, "model": "auth.permission", "fields": {"codename": "delete_rating", "name": "Can delete Rating", "content_type": 24}}, {"pk": 73, "model": "auth.permission", "fields": {"codename": "add_blogpost", "name": "Can add Blog post", "content_type": 25}}, {"pk": 74, "model": "auth.permission", "fields": {"codename": "change_blogpost", "name": "Can change Blog post", "content_type": 25}}, {"pk": 75, "model": "auth.permission", "fields": {"codename": "delete_blogpost", "name": "Can delete Blog post", "content_type": 25}}, {"pk": 76, "model": "auth.permission", "fields": {"codename": "add_blogcategory", "name": "Can add Blog Category", "content_type": 26}}, {"pk": 77, "model": "auth.permission", "fields": {"codename": "change_blogcategory", "name": "Can change Blog Category", "content_type": 26}}, {"pk": 78, "model": "auth.permission", "fields": {"codename": "delete_blogcategory", "name": "Can delete Blog Category", "content_type": 26}}, {"pk": 79, "model": "auth.permission", "fields": {"codename": "add_form", "name": "Can add Form", "content_type": 27}}, {"pk": 80, "model": "auth.permission", "fields": {"codename": "change_form", "name": "Can change Form", "content_type": 27}}, {"pk": 81, "model": "auth.permission", "fields": {"codename": "delete_form", "name": "Can delete Form", "content_type": 27}}, {"pk": 82, "model": "auth.permission", "fields": {"codename": "add_field", "name": "Can add Field", "content_type": 28}}, {"pk": 83, "model": "auth.permission", "fields": {"codename": "change_field", "name": "Can change Field", "content_type": 28}}, {"pk": 84, "model": "auth.permission", "fields": {"codename": "delete_field", "name": "Can delete Field", "content_type": 28}}, {"pk": 85, "model": "auth.permission", "fields": {"codename": "add_formentry", "name": "Can add Form entry", "content_type": 29}}, {"pk": 86, "model": "auth.permission", "fields": {"codename": "change_formentry", "name": "Can change Form entry", "content_type": 29}}, {"pk": 87, "model": "auth.permission", "fields": {"codename": "delete_formentry", "name": "Can delete Form entry", "content_type": 29}}, {"pk": 88, "model": "auth.permission", "fields": {"codename": "add_fieldentry", "name": "Can add Form field entry", "content_type": 30}}, {"pk": 89, "model": "auth.permission", "fields": {"codename": "change_fieldentry", "name": "Can change Form field entry", "content_type": 30}}, {"pk": 90, "model": "auth.permission", "fields": {"codename": "delete_fieldentry", "name": "Can delete Form field entry", "content_type": 30}}, {"pk": 91, "model": "auth.permission", "fields": {"codename": "add_page", "name": "Can add Page", "content_type": 31}}, {"pk": 92, "model": "auth.permission", "fields": {"codename": "change_page", "name": "Can change Page", "content_type": 31}}, {"pk": 93, "model": "auth.permission", "fields": {"codename": "delete_page", "name": "Can delete Page", "content_type": 31}}, {"pk": 94, "model": "auth.permission", "fields": {"codename": "add_richtextpage", "name": "Can add Rich text page", "content_type": 32}}, {"pk": 95, "model": "auth.permission", "fields": {"codename": "change_richtextpage", "name": "Can change Rich text page", "content_type": 32}}, {"pk": 96, "model": "auth.permission", "fields": {"codename": "delete_richtextpage", "name": "Can delete Rich text page", "content_type": 32}}, {"pk": 97, "model": "auth.permission", "fields": {"codename": "add_link", "name": "Can add Link", "content_type": 33}}, {"pk": 98, "model": "auth.permission", "fields": {"codename": "change_link", "name": "Can change Link", "content_type": 33}}, {"pk": 99, "model": "auth.permission", "fields": {"codename": "delete_link", "name": "Can delete Link", "content_type": 33}}, {"pk": 100, "model": "auth.permission", "fields": {"codename": "add_gallery", "name": "Can add Gallery", "content_type": 34}}, {"pk": 101, "model": "auth.permission", "fields": {"codename": "change_gallery", "name": "Can change Gallery", "content_type": 34}}, {"pk": 102, "model": "auth.permission", "fields": {"codename": "delete_gallery", "name": "Can delete Gallery", "content_type": 34}}, {"pk": 103, "model": "auth.permission", "fields": {"codename": "add_galleryimage", "name": "Can add Image", "content_type": 35}}, {"pk": 104, "model": "auth.permission", "fields": {"codename": "change_galleryimage", "name": "Can change Image", "content_type": 35}}, {"pk": 105, "model": "auth.permission", "fields": {"codename": "delete_galleryimage", "name": "Can delete Image", "content_type": 35}}, {"pk": 106, "model": "auth.permission", "fields": {"codename": "add_query", "name": "Can add Twitter query", "content_type": 36}}, {"pk": 107, "model": "auth.permission", "fields": {"codename": "change_query", "name": "Can change Twitter query", "content_type": 36}}, {"pk": 108, "model": "auth.permission", "fields": {"codename": "delete_query", "name": "Can delete Twitter query", "content_type": 36}}, {"pk": 109, "model": "auth.permission", "fields": {"codename": "add_tweet", "name": "Can add Tweet", "content_type": 37}}, {"pk": 110, "model": "auth.permission", "fields": {"codename": "change_tweet", "name": "Can change Tweet", "content_type": 37}}, {"pk": 111, "model": "auth.permission", "fields": {"codename": "delete_tweet", "name": "Can delete Tweet", "content_type": 37}}, {"pk": 112, "model": "auth.permission", "fields": {"codename": "add_medialibrary", "name": "Can add Media Library", "content_type": 38}}, {"pk": 113, "model": "auth.permission", "fields": {"codename": "change_medialibrary", "name": "Can change Media Library", "content_type": 38}}, {"pk": 114, "model": "auth.permission", "fields": {"codename": "delete_medialibrary", "name": "Can delete Media Library", "content_type": 38}}, {"pk": 115, "model": "auth.permission", "fields": {"codename": "add_mediafile", "name": "Can add Media File", "content_type": 39}}, {"pk": 116, "model": "auth.permission", "fields": {"codename": "change_mediafile", "name": "Can change Media File", "content_type": 39}}, {"pk": 117, "model": "auth.permission", "fields": {"codename": "delete_mediafile", "name": "Can delete Media File", "content_type": 39}}, {"pk": 118, "model": "auth.permission", "fields": {"codename": "add_file", "name": "Can add file", "content_type": 40}}, {"pk": 119, "model": "auth.permission", "fields": {"codename": "change_file", "name": "Can change file", "content_type": 40}}, {"pk": 120, "model": "auth.permission", "fields": {"codename": "delete_file", "name": "Can delete file", "content_type": 40}}, {"pk": 121, "model": "auth.permission", "fields": {"codename": "add_migrationhistory", "name": "Can add migration history", "content_type": 41}}, {"pk": 122, "model": "auth.permission", "fields": {"codename": "change_migrationhistory", "name": "Can change migration history", "content_type": 41}}, {"pk": 123, "model": "auth.permission", "fields": {"codename": "delete_migrationhistory", "name": "Can delete migration history", "content_type": 41}}, {"pk": 124, "model": "auth.permission", "fields": {"codename": "add_logentry", "name": "Can add log entry", "content_type": 42}}, {"pk": 125, "model": "auth.permission", "fields": {"codename": "change_logentry", "name": "Can change log entry", "content_type": 42}}, {"pk": 126, "model": "auth.permission", "fields": {"codename": "delete_logentry", "name": "Can delete log entry", "content_type": 42}}, {"pk": 127, "model": "auth.permission", "fields": {"codename": "add_comment", "name": "Can add comment", "content_type": 43}}, {"pk": 128, "model": "auth.permission", "fields": {"codename": "change_comment", "name": "Can change comment", "content_type": 43}}, {"pk": 129, "model": "auth.permission", "fields": {"codename": "delete_comment", "name": "Can delete comment", "content_type": 43}}, {"pk": 130, "model": "auth.permission", "fields": {"codename": "can_moderate", "name": "Can moderate comments", "content_type": 43}}, {"pk": 131, "model": "auth.permission", "fields": {"codename": "add_commentflag", "name": "Can add comment flag", "content_type": 44}}, {"pk": 132, "model": "auth.permission", "fields": {"codename": "change_commentflag", "name": "Can change comment flag", "content_type": 44}}, {"pk": 133, "model": "auth.permission", "fields": {"codename": "delete_commentflag", "name": "Can delete comment flag", "content_type": 44}}, {"pk": 134, "model": "auth.permission", "fields": {"codename": "add_publicationlibrary", "name": "Can add Publication Library", "content_type": 45}}, {"pk": 135, "model": "auth.permission", "fields": {"codename": "change_publicationlibrary", "name": "Can change Publication Library", "content_type": 45}}, {"pk": 136, "model": "auth.permission", "fields": {"codename": "delete_publicationlibrary", "name": "Can delete Publication Library", "content_type": 45}}, {"pk": 137, "model": "auth.permission", "fields": {"codename": "add_publication", "name": "Can add Publication", "content_type": 46}}, {"pk": 138, "model": "auth.permission", "fields": {"codename": "change_publication", "name": "Can change Publication", "content_type": 46}}, {"pk": 139, "model": "auth.permission", "fields": {"codename": "delete_publication", "name": "Can delete Publication", "content_type": 46}}, {"pk": 140, "model": "auth.permission", "fields": {"codename": "add_userobjectpermission", "name": "Can add user object permission", "content_type": 47}}, {"pk": 141, "model": "auth.permission", "fields": {"codename": "change_userobjectpermission", "name": "Can change user object permission", "content_type": 47}}, {"pk": 142, "model": "auth.permission", "fields": {"codename": "delete_userobjectpermission", "name": "Can delete user object permission", "content_type": 47}}, {"pk": 143, "model": "auth.permission", "fields": {"codename": "add_groupobjectpermission", "name": "Can add group object permission", "content_type": 48}}, {"pk": 144, "model": "auth.permission", "fields": {"codename": "change_groupobjectpermission", "name": "Can change group object permission", "content_type": 48}}, {"pk": 145, "model": "auth.permission", "fields": {"codename": "delete_groupobjectpermission", "name": "Can delete group object permission", "content_type": 48}}, {"pk": 146, "model": "auth.permission", "fields": {"codename": "can_view", "name": "View Publication Library", "content_type": 45}}, {"pk": 147, "model": "auth.permission", "fields": {"codename": "can_view", "name": "View Work Area Page", "content_type": 8}}, {"pk": 148, "model": "auth.permission", "fields": {"codename": "add_message", "name": "Can add message", "content_type": 49}}, {"pk": 149, "model": "auth.permission", "fields": {"codename": "change_message", "name": "Can change message", "content_type": 49}}, {"pk": 150, "model": "auth.permission", "fields": {"codename": "delete_message", "name": "Can delete message", "content_type": 49}}, {"pk": 151, "model": "auth.permission", "fields": {"codename": "add_dontsendentry", "name": "Can add don't send entry", "content_type": 50}}, {"pk": 152, "model": "auth.permission", "fields": {"codename": "change_dontsendentry", "name": "Can change don't send entry", "content_type": 50}}, {"pk": 153, "model": "auth.permission", "fields": {"codename": "delete_dontsendentry", "name": "Can delete don't send entry", "content_type": 50}}, {"pk": 154, "model": "auth.permission", "fields": {"codename": "add_messagelog", "name": "Can add message log", "content_type": 51}}, {"pk": 155, "model": "auth.permission", "fields": {"codename": "change_messagelog", "name": "Can change message log", "content_type": 51}}, {"pk": 156, "model": "auth.permission", "fields": {"codename": "delete_messagelog", "name": "Can delete message log", "content_type": 51}}, {"pk": 1, "model": "auth.group", "fields": {"name": "Country Editor", "permissions": [34, 35]}}, {"pk": 2, "model": "auth.group", "fields": {"name": "SC", "permissions": [146, 147]}}, {"pk": 3, "model": "auth.group", "fields": {"name": "Country Chief Contact Point", "permissions": [34, 35]}}, {"pk": 4, "model": "auth.group", "fields": {"name": "TPDP", "permissions": [146, 147]}}, {"pk": 5, "model": "auth.group", "fields": {"name": "Secretariat", "permissions": [73, 74, 146, 37, 38, 22, 147, 23, 91, 92, 94, 95]}}, {"pk": 6, "model": "auth.group", "fields": {"name": "TPPT", "permissions": [146, 147]}}, {"pk": 7, "model": "auth.group", "fields": {"name": "TPG", "permissions": [146, 147]}}, {"pk": 8, "model": "auth.group", "fields": {"name": "TPFQ", "permissions": [146, 147]}}, {"pk": 9, "model": "auth.group", "fields": {"name": "TPFF", "permissions": [146, 147]}}, {"pk": 10, "model": "auth.group", "fields": {"name": "Bureau", "permissions": [146, 147]}}, {"pk": 11, "model": "auth.group", "fields": {"name": "SBDS", "permissions": [146, 147]}}, {"pk": 12, "model": "auth.group", "fields": {"name": "IFQR", "permissions": [146, 147]}}, {"pk": 13, "model": "auth.group", "fields": {"name": "TPDPC", "permissions": [146, 147]}}, {"pk": 14, "model": "auth.group", "fields": {"name": "CDC", "permissions": [146, 147]}}, {"pk": 15, "model": "auth.group", "fields": {"name": "ISLG", "permissions": [146, 147]}}, {"pk": 16, "model": "auth.group", "fields": {"name": "Observers", "permissions": [146, 147]}}, {"pk": 17, "model": "auth.group", "fields": {"name": "EphytoXml", "permissions": [146, 147]}}, {"pk": 18, "model": "auth.group", "fields": {"name": "EphytoSecurity", "permissions": [146, 147]}}, {"pk": 19, "model": "auth.group", "fields": {"name": "WgSeaContainer", "permissions": [146, 147]}}, {"pk": 20, "model": "auth.group", "fields": {"name": "EwgSeeds", "permissions": [146, 147]}}, {"pk": 21, "model": "auth.group", "fields": {"name": "FaoPlantProtectionOfficers", "permissions": [146, 147]}}, {"pk": 22, "model": "auth.group", "fields": {"name": "FrameworkForStandards", "permissions": [146, 147]}}, {"pk": -1, "model": "auth.user", "fields": {"username": "AnonymousUser", "first_name": "", "last_name": "", "is_active": true, "is_superuser": false, "is_staff": false, "last_login": "2013-08-06T15:26:52.344Z", "groups": [], "user_permissions": [], "password": "", "email": "", "date_joined": "2013-08-06T15:26:52.344Z"}}, {"pk": 1, "model": "auth.user", "fields": {"username": "simon", "first_name": "", "last_name": "", "is_active": true, "is_superuser": true, "is_staff": true, "last_login": "2014-06-10T13:57:57.173Z", "groups": [5], "user_permissions": [], "password": "pbkdf2_sha256$10000$uBqQ9J13oykP$ltTr8P1ECTSHhLcWfRr+ELbpN4wT1ZfPZ2tZuZX+i98=", "email": "s@s.com", "date_joined": "2013-07-31T12:16:23Z"}}, {"pk": 2, "model": "auth.user", "fields": {"username": "it-nppo", "first_name": "", "last_name": "", "is_active": true, "is_superuser": false, "is_staff": false, "last_login": "2014-06-10T13:56:10.865Z", "groups": [3], "user_permissions": [], "password": "pbkdf2_sha256$10000$8NnX5ohEd7Op$T8XtEZnbhFbK8INg0mSk7ivG3IuWexmBxewueBqQkFI=", "email": "i@i.it", "date_joined": "2013-07-31T12:18:29Z"}}, {"pk": 3, "model": "auth.user", "fields": {"username": "as.nppo", "first_name": "", "last_name": "", "is_active": true, "is_superuser": false, "is_staff": false, "last_login": "2013-08-07T13:26:17.282Z", "groups": [3], "user_permissions": [], "password": "pbkdf2_sha256$10000$lGfjRhFWyw5I$wXl3q04yRpQOBbSwQHuoKS89Uhj7L1XBPGCagg8fcu8=", "email": "a@a.com", "date_joined": "2013-07-31T12:19:16Z"}}, {"pk": 4, "model": "auth.user", "fields": {"username": "sc.member", "first_name": "", "last_name": "", "is_active": true, "is_superuser": false, "is_staff": false, "last_login": "2013-08-07T13:06:35.985Z", "groups": [2], "user_permissions": [], "password": "pbkdf2_sha256$10000$bXlsjy2uChM1$NeGX84jT0sHmQ0Cv+DKxJWopb+umiEA5Mf2gd+M5+Ek=", "email": "sc@member.sc", "date_joined": "2013-08-07T13:01:29Z"}}, {"pk": 5, "model": "auth.user", "fields": {"username": "sec", "first_name": "", "last_name": "", "is_active": true, "is_superuser": false, "is_staff": true, "last_login": "2013-08-07T13:45:21.854Z", "groups": [5], "user_permissions": [], "password": "pbkdf2_sha256$10000$1lAzL7wt61FU$+hMG0IZ5TGv18zpB3Skw89kkNoEqmGBeaVxOGHrw0oM=", "email": "s@sec.sec", "date_joined": "2013-08-07T13:18:09Z"}}, {"pk": 15, "model": "ippc.publicationlibrary", "fields": {"content": "Heeeey", "users": [], "groups": [5]}}, {"pk": 9, "model": "ippc.publicationlibrary", "fields": {"content": "Here are the documents for this meeting.", "users": [], "groups": [2, 5]}}, {"pk": 8, "model": "ippc.workareapage", "fields": {"content": "Content of the SC page. Should be visible to SC members, secretariat and admins only.", "users": [], "groups": [2, 5]}}, {"pk": 14, "model": "ippc.workareapage", "fields": {"content": "Only users in TPDP or Secretariat groups should be able to see this (as well as admins).", "users": [], "groups": [4, 5]}}, {"pk": 6, "model": "ippc.countrypage", "fields": {"name": "American Samoa", "country_slug": "american-samoa", "editors": [], "iso3": "ASM", "iso": "AS", "contact_point": 3}}, {"pk": 5, "model": "ippc.countrypage", "fields": {"name": "Italy", "country_slug": "italy", "editors": [], "iso3": "ITA", "iso": "IT", "contact_point": 2}}, {"pk": 1, "model": "ippc.ippcuserprofile", "fields": {"bio": "", "first_name": "Simon", "last_name": "Griffee", "fax": "", "date_account_created": "2013-07-31T12:16:23.345Z", "title": "", "mobile": "", "gender": null, "address2": "", "email_address_alt": "", "zipcode": "", "profile_photo": "", "phone": "", "state": "", "user": 1, "address1": "", "country": null, "address_country": "", "city": ""}}, {"pk": 2, "model": "ippc.ippcuserprofile", "fields": {"bio": "I'm boss of Itally.", "first_name": "Donnie", "last_name": "Brasko", "fax": "+39 555 5556", "date_account_created": "2013-07-31T12:18:29.979Z", "title": "Don", "mobile": "+39 555 55557", "gender": 1, "address2": "Terme Caracalla", "email_address_alt": "donnie@i.it", "zipcode": "00123", "profile_photo": "profile_photos/Brascoo_1.gif", "phone": "+39 555 5555", "state": "RM", "user": 2, "address1": "Via Boss 1", "country": 5, "address_country": "IT", "city": "Rome"}}, {"pk": 3, "model": "ippc.ippcuserprofile", "fields": {"bio": "Boss of islands.", "first_name": "Samoan", "last_name": "Editor", "fax": "", "date_account_created": "2013-07-31T12:19:16.353Z", "title": "Chief", "mobile": "", "gender": 1, "address2": "", "email_address_alt": "samoa@sam.sa", "zipcode": "", "profile_photo": "profile_photos/images_1.jpg", "phone": "", "state": "", "user": 3, "address1": "", "country": 6, "address_country": "AS", "city": ""}}, {"pk": 4, "model": "ippc.ippcuserprofile", "fields": {"bio": "", "first_name": "", "last_name": "", "fax": "", "date_account_created": "2013-08-06T15:26:52.348Z", "title": null, "mobile": "", "gender": null, "address2": "", "email_address_alt": "", "zipcode": "", "profile_photo": "", "phone": "", "state": "", "user": -1, "address1": "", "country": null, "address_country": "", "city": ""}}, {"pk": 5, "model": "ippc.ippcuserprofile", "fields": {"bio": "Rocking the world.", "first_name": "Jane", "last_name": "Smith", "fax": "", "date_account_created": "2013-08-07T13:01:29.377Z", "title": "", "mobile": "", "gender": 2, "address2": "", "email_address_alt": "", "zipcode": "", "profile_photo": "", "phone": "", "state": "", "user": 4, "address1": "", "country": null, "address_country": "AQ", "city": ""}}, {"pk": 6, "model": "ippc.ippcuserprofile", "fields": {"bio": "", "first_name": "Secretariat", "last_name": "Person", "fax": "", "date_account_created": "2013-08-07T13:18:09.200Z", "title": "Secretariat Staff", "mobile": "", "gender": 2, "address2": "", "email_address_alt": "", "zipcode": "", "profile_photo": "", "phone": "", "state": "", "user": 5, "address1": "", "country": null, "address_country": "", "city": ""}}, {"pk": 1, "model": "ippc.pestreport", "fields": {"short_url": null, "pest_identity": "", "site": 1, "keywords_string": "", "in_sitemap": true, "file": "", "url_for_more_information": "http://ippc.int/test", "title": "Italian Report", "report_status": 3, "hosts": "", "contact_for_more_information": "", "status": 2, "description": "fasdfasdf", "pest_status": [], "expiry_date": null, "geographical_distribution": "", "slug": "italian-report", "gen_description": true, "country": 5, "author": 2, "summary": "fasdfasdf", "_meta_title": null, "publish_date": "2013-08-02T09:04:28.298Z", "modify_date": "2013-08-02T09:46:35.434Z", "nature_of_danger": ""}}, {"pk": 2, "model": "ippc.pestreport", "fields": {"short_url": null, "pest_identity": "", "site": 1, "keywords_string": "", "in_sitemap": true, "file": "", "url_for_more_information": "", "title": "Hidden italian report", "report_status": 3, "hosts": "", "contact_for_more_information": "", "status": 1, "description": "no see me!", "pest_status": [], "expiry_date": null, "geographical_distribution": "", "slug": "hidden-italian-report", "gen_description": true, "country": 5, "author": 2, "summary": "no see me!", "_meta_title": null, "publish_date": "2013-08-02T09:11:05.016Z", "modify_date": "2013-08-02T09:11:05.016Z", "nature_of_danger": ""}}, {"pk": 3, "model": "ippc.pestreport", "fields": {"short_url": null, "pest_identity": "", "site": 1, "keywords_string": "", "in_sitemap": true, "file": "", "url_for_more_information": "", "title": "another hidden italian report", "report_status": 3, "hosts": "", "contact_for_more_information": "", "status": 1, "description": "a;ldskjfasdf", "pest_status": [], "expiry_date": null, "geographical_distribution": "", "slug": "another-hidden-italian-report", "gen_description": true, "country": 5, "author": 2, "summary": "a;ldskjfasdf", "_meta_title": null, "publish_date": "2013-08-02T09:12:55.780Z", "modify_date": "2013-08-02T09:12:55.780Z", "nature_of_danger": ""}}, {"pk": 4, "model": "ippc.pestreport", "fields": {"short_url": null, "pest_identity": "", "site": 1, "keywords_string": "", "in_sitemap": true, "file": "", "url_for_more_information": "", "title": "Another Report From Italy", "report_status": 3, "hosts": "", "contact_for_more_information": "", "status": 2, "description": "hey!", "pest_status": [], "expiry_date": null, "geographical_distribution": "", "slug": "another-report-from-italy", "gen_description": true, "country": 5, "author": 2, "summary": "hey!", "_meta_title": null, "publish_date": "2013-08-07T15:54:01.385Z", "modify_date": "2013-08-07T15:54:01.385Z", "nature_of_danger": ""}}, {"pk": 1, "model": "core.sitepermission", "fields": {"user": 2, "sites": [1]}}, {"pk": 2, "model": "core.sitepermission", "fields": {"user": 3, "sites": [1]}}, {"pk": 3, "model": "core.sitepermission", "fields": {"user": 1, "sites": [1]}}, {"pk": 4, "model": "core.sitepermission", "fields": {"user": 4, "sites": [1]}}, {"pk": 5, "model": "core.sitepermission", "fields": {"user": 5, "sites": [1]}}, {"pk": 1, "model": "generic.threadedcomment", "fields": {"rating_sum": 0, "by_author": false, "rating_count": 0, "replied_to": null, "rating_average": 0.0}}, {"pk": 2, "model": "generic.threadedcomment", "fields": {"rating_sum": 0, "by_author": false, "rating_count": 0, "replied_to": null, "rating_average": 0.0}}, {"pk": 1, "model": "blog.blogpost", "fields": {"related_posts": [], "short_url": null, "site": 1, "keywords_string": "", "in_sitemap": true, "featured_image": null, "title": "News Item Test", "content": "Lorem ipsum dolor sit amet, consectetur adipisicing elit, sed do eiusmod tempor incididunt ut labore et dolore magna aliqua. Ut enim ad minim veniam, quis nostrud exercitation ullamco laboris nisi ut aliquip ex ea commodo consequat. Duis aute irure dolor in reprehenderit in voluptate velit esse cillum dolore eu fugiat nulla pariatur. Excepteur sint occaecat cupidatat non proident, sunt in culpa qui officia deserunt mollit anim id est laborum.\r\n\r\nDuis aute irure dolor in reprehenderit in voluptate velit esse cillum dolore eu fugiat nulla pariatur. Excepteur sint occaecat cupidatat non proident, sunt in culpa qui officia deserunt mollit anim id est laborum exercitation ullamco laboris nisi ut aliquip ex ea commodo consequat.\r\n\r\nExcepteur sint occaecat cupidatat non proident, sunt in culpa qui officia deserunt mollit anim id est laborum. Lorem ipsum dolor sit amet, consectetur adipisicing elit, sed do eiusmod tempor incididunt ut labore et dolore magna aliqua. Ut enim ad minim veniam, quis nostrud.", "rating_sum": 0, "rating_count": 0, "gen_description": true, "publish_date": "2013-08-07T13:09:06Z", "status": 2, "description": "Lorem ipsum dolor sit amet, consectetur adipisicing elit, sed do eiusmod tempor incididunt ut labore et dolore magna aliqua. Ut enim ad minim veniam, quis nostrud exercitation ullamco laboris nisi ut aliquip ex ea commodo consequat. Duis aute irure dolor in reprehenderit in voluptate velit esse cillum dolore eu fugiat nulla pariatur. Excepteur sint occaecat cupidatat non proident, sunt in culpa qui officia deserunt mollit anim id est laborum.", "rating_average": 0.0, "expiry_date": null, "user": 1, "slug": "news-item-test", "categories": [], "allow_comments": false, "_meta_title": "", "comments_count": 0}}, {"pk": 2, "model": "blog.blogpost", "fields": {"related_posts": [], "short_url": null, "site": 1, "keywords_string": "", "in_sitemap": true, "featured_image": null, "title": "Call Test", "content": "Duis aute irure dolor in reprehenderit in voluptate velit esse cillum dolore eu fugiat nulla pariatur. Excepteur sint occaecat cupidatat non proident, sunt in culpa qui officia deserunt mollit anim id est laborum exercitation ullamco laboris nisi ut aliquip ex ea commodo consequat.\r\n\r\nExcepteur sint occaecat cupidatat non proident, sunt in culpa qui officia deserunt mollit anim id est laborum. Lorem ipsum dolor sit amet, consectetur adipisicing elit, sed do eiusmod tempor incididunt ut labore et dolore magna aliqua. Ut enim ad minim veniam, quis nostrud.\r\n\r\n**This is a call, y'all.**\r\n", "rating_sum": 0, "rating_count": 0, "gen_description": true, "publish_date": "2013-08-07T13:10:39Z", "status": 2, "description": "Duis aute irure dolor in reprehenderit in voluptate velit esse cillum dolore eu fugiat nulla pariatur. Excepteur sint occaecat cupidatat non proident, sunt in culpa qui officia deserunt mollit anim id est laborum exercitation ullamco laboris nisi ut aliquip ex ea commodo consequat.", "rating_average": 0.0, "expiry_date": null, "user": 1, "slug": "call-test", "categories": [2], "allow_comments": true, "_meta_title": "", "comments_count": 0}}, {"pk": 1, "model": "admin.logentry", "fields": {"action_flag": 1, "action_time": "2013-07-31T12:17:02.730Z", "object_repr": "Key Documents", "object_id": "2", "change_message": "", "user": 1, "content_type": 32}}, {"pk": 2, "model": "admin.logentry", "fields": {"action_flag": 1, "action_time": "2013-07-31T12:17:21.299Z", "object_repr": "About", "object_id": "3", "change_message": "", "user": 1, "content_type": 32}}, {"pk": 3, "model": "admin.logentry", "fields": {"action_flag": 1, "action_time": "2013-07-31T12:17:38.896Z", "object_repr": "Countries", "object_id": "4", "change_message": "", "user": 1, "content_type": 32}}, {"pk": 4, "model": "admin.logentry", "fields": {"action_flag": 1, "action_time": "2013-07-31T12:17:56.375Z", "object_repr": "Italy", "object_id": "5", "change_message": "", "user": 1, "content_type": 9}}, {"pk": 5, "model": "admin.logentry", "fields": {"action_flag": 1, "action_time": "2013-07-31T12:18:20.024Z", "object_repr": "American Samoa", "object_id": "6", "change_message": "", "user": 1, "content_type": 9}}, {"pk": 6, "model": "admin.logentry", "fields": {"action_flag": 1, "action_time": "2013-07-31T12:18:29.984Z", "object_repr": "i", "object_id": "2", "change_message": "", "user": 1, "content_type": 3}}, {"pk": 7, "model": "admin.logentry", "fields": {"action_flag": 1, "action_time": "2013-07-31T12:18:46.613Z", "object_repr": "Country Editor", "object_id": "1", "change_message": "", "user": 1, "content_type": 2}}, {"pk": 8, "model": "admin.logentry", "fields": {"action_flag": 2, "action_time": "2013-07-31T12:19:11.071Z", "object_repr": "i", "object_id": "2", "change_message": "Changed password, email and groups. Changed first_name, last_name, profile_photo and country for ippc user profile \"IppcUserProfile object\".", "user": 1, "content_type": 3}}, {"pk": 9, "model": "admin.logentry", "fields": {"action_flag": 1, "action_time": "2013-07-31T12:19:16.358Z", "object_repr": "a", "object_id": "3", "change_message": "", "user": 1, "content_type": 3}}, {"pk": 10, "model": "admin.logentry", "fields": {"action_flag": 2, "action_time": "2013-07-31T12:19:38.154Z", "object_repr": "a", "object_id": "3", "change_message": "Changed password, email and groups. Changed first_name, last_name, profile_photo and country for ippc user profile \"IppcUserProfile object\".", "user": 1, "content_type": 3}}, {"pk": 11, "model": "admin.logentry", "fields": {"action_flag": 2, "action_time": "2013-07-31T12:19:46.833Z", "object_repr": "American Samoa", "object_id": "6", "change_message": "Changed editors.", "user": 1, "content_type": 9}}, {"pk": 12, "model": "admin.logentry", "fields": {"action_flag": 2, "action_time": "2013-07-31T12:19:50.956Z", "object_repr": "Italy", "object_id": "5", "change_message": "Changed editors.", "user": 1, "content_type": 9}}, {"pk": 13, "model": "admin.logentry", "fields": {"action_flag": 2, "action_time": "2013-07-31T12:25:14.766Z", "object_repr": "News & Calls", "object_id": "1", "change_message": "Changed title, content and in_menus.", "user": 1, "content_type": 32}}, {"pk": 14, "model": "admin.logentry", "fields": {"action_flag": 2, "action_time": "2013-07-31T12:25:19.439Z", "object_repr": "About", "object_id": "3", "change_message": "Changed in_menus.", "user": 1, "content_type": 32}}, {"pk": 15, "model": "admin.logentry", "fields": {"action_flag": 2, "action_time": "2013-08-02T09:23:37.547Z", "object_repr": "News & Calls", "object_id": "1", "change_message": "Changed slug.", "user": 1, "content_type": 32}}, {"pk": 16, "model": "admin.logentry", "fields": {"action_flag": 2, "action_time": "2013-08-02T09:24:08.391Z", "object_repr": "Key Documents", "object_id": "2", "change_message": "Changed in_menus and description.", "user": 1, "content_type": 32}}, {"pk": 17, "model": "admin.logentry", "fields": {"action_flag": 1, "action_time": "2013-08-02T11:24:40.584Z", "object_repr": "Work Area", "object_id": "7", "change_message": "", "user": 1, "content_type": 32}}, {"pk": 18, "model": "admin.logentry", "fields": {"action_flag": 1, "action_time": "2013-08-02T11:25:21.049Z", "object_repr": "Work Area / SC", "object_id": "8", "change_message": "", "user": 1, "content_type": 8}}, {"pk": 19, "model": "admin.logentry", "fields": {"action_flag": 2, "action_time": "2013-08-02T11:36:23.933Z", "object_repr": "Work Area / SC", "object_id": "8", "change_message": "Changed users.", "user": 1, "content_type": 8}}, {"pk": 20, "model": "admin.logentry", "fields": {"action_flag": 2, "action_time": "2013-08-02T11:36:32.131Z", "object_repr": "Work Area / SC", "object_id": "8", "change_message": "Changed users.", "user": 1, "content_type": 8}}, {"pk": 21, "model": "admin.logentry", "fields": {"action_flag": 1, "action_time": "2013-08-02T11:37:28.614Z", "object_repr": "SC", "object_id": "2", "change_message": "", "user": 1, "content_type": 2}}, {"pk": 22, "model": "admin.logentry", "fields": {"action_flag": 2, "action_time": "2013-08-02T11:37:43.112Z", "object_repr": "i", "object_id": "2", "change_message": "Changed password and groups.", "user": 1, "content_type": 3}}, {"pk": 23, "model": "admin.logentry", "fields": {"action_flag": 2, "action_time": "2013-08-02T11:40:50.394Z", "object_repr": "simon", "object_id": "1", "change_message": "Changed password and groups. Changed first_name and last_name for ippc user profile \"IppcUserProfile object\".", "user": 1, "content_type": 3}}, {"pk": 24, "model": "admin.logentry", "fields": {"action_flag": 2, "action_time": "2013-08-02T11:41:17.507Z", "object_repr": "simon", "object_id": "1", "change_message": "Changed password and groups.", "user": 1, "content_type": 3}}, {"pk": 25, "model": "admin.logentry", "fields": {"action_flag": 1, "action_time": "2013-08-02T11:42:50.599Z", "object_repr": "Work Area / SC / 2013 June Meeting", "object_id": "9", "change_message": "", "user": 1, "content_type": 8}}, {"pk": 26, "model": "admin.logentry", "fields": {"action_flag": 2, "action_time": "2013-08-02T11:43:04.606Z", "object_repr": "Work Area / SC / 2013 June Meeting", "object_id": "9", "change_message": "Changed users.", "user": 1, "content_type": 8}}, {"pk": 27, "model": "admin.logentry", "fields": {"action_flag": 2, "action_time": "2013-08-02T11:43:26.259Z", "object_repr": "Work Area / SC / 2013 June Meeting", "object_id": "9", "change_message": "No fields changed.", "user": 1, "content_type": 8}}, {"pk": 28, "model": "admin.logentry", "fields": {"action_flag": 2, "action_time": "2013-08-02T11:47:02.758Z", "object_repr": "Work Area / SC", "object_id": "8", "change_message": "Changed login_required.", "user": 1, "content_type": 8}}, {"pk": 29, "model": "admin.logentry", "fields": {"action_flag": 2, "action_time": "2013-08-05T08:26:38.675Z", "object_repr": "i", "object_id": "2", "change_message": "Changed password. Changed title for ippc user profile \"IppcUserProfile object\".", "user": 1, "content_type": 3}}, {"pk": 30, "model": "admin.logentry", "fields": {"action_flag": 2, "action_time": "2013-08-05T09:12:22.388Z", "object_repr": "Italy", "object_id": "5", "change_message": "Changed contact_point and editors.", "user": 1, "content_type": 9}}, {"pk": 31, "model": "admin.logentry", "fields": {"action_flag": 2, "action_time": "2013-08-05T09:13:06.210Z", "object_repr": "Italy", "object_id": "5", "change_message": "No fields changed.", "user": 1, "content_type": 9}}, {"pk": 32, "model": "admin.logentry", "fields": {"action_flag": 1, "action_time": "2013-08-05T09:13:46.162Z", "object_repr": "Chief Contact Point", "object_id": "3", "change_message": "", "user": 1, "content_type": 2}}, {"pk": 33, "model": "admin.logentry", "fields": {"action_flag": 2, "action_time": "2013-08-05T09:13:49.467Z", "object_repr": "i", "object_id": "2", "change_message": "Changed password and groups.", "user": 1, "content_type": 3}}, {"pk": 34, "model": "admin.logentry", "fields": {"action_flag": 2, "action_time": "2013-08-05T09:15:34.774Z", "object_repr": "Italy", "object_id": "5", "change_message": "No fields changed.", "user": 1, "content_type": 9}}, {"pk": 35, "model": "admin.logentry", "fields": {"action_flag": 2, "action_time": "2013-08-05T09:18:41.185Z", "object_repr": "i", "object_id": "2", "change_message": "Changed password and groups.", "user": 1, "content_type": 3}}, {"pk": 36, "model": "admin.logentry", "fields": {"action_flag": 2, "action_time": "2013-08-05T09:18:50.719Z", "object_repr": "Italy", "object_id": "5", "change_message": "Changed editors.", "user": 1, "content_type": 9}}, {"pk": 37, "model": "admin.logentry", "fields": {"action_flag": 2, "action_time": "2013-08-05T09:46:04.209Z", "object_repr": "i", "object_id": "2", "change_message": "Changed password and groups.", "user": 1, "content_type": 3}}, {"pk": 38, "model": "admin.logentry", "fields": {"action_flag": 2, "action_time": "2013-08-05T09:46:15.764Z", "object_repr": "Italy", "object_id": "5", "change_message": "Changed editors.", "user": 1, "content_type": 9}}, {"pk": 39, "model": "admin.logentry", "fields": {"action_flag": 2, "action_time": "2013-08-05T09:54:07.417Z", "object_repr": "Italy", "object_id": "5", "change_message": "Changed editors.", "user": 1, "content_type": 9}}, {"pk": 40, "model": "admin.logentry", "fields": {"action_flag": 2, "action_time": "2013-08-05T09:54:22.869Z", "object_repr": "Italy", "object_id": "5", "change_message": "Changed editors.", "user": 1, "content_type": 9}}, {"pk": 41, "model": "admin.logentry", "fields": {"action_flag": 2, "action_time": "2013-08-05T09:55:21.236Z", "object_repr": "Italy", "object_id": "5", "change_message": "Changed editors.", "user": 1, "content_type": 9}}, {"pk": 42, "model": "admin.logentry", "fields": {"action_flag": 2, "action_time": "2013-08-05T09:55:31.777Z", "object_repr": "Italy", "object_id": "5", "change_message": "Changed editors.", "user": 1, "content_type": 9}}, {"pk": 43, "model": "admin.logentry", "fields": {"action_flag": 2, "action_time": "2013-08-05T09:59:18.164Z", "object_repr": "i", "object_id": "2", "change_message": "Changed password and groups.", "user": 1, "content_type": 3}}, {"pk": 44, "model": "admin.logentry", "fields": {"action_flag": 2, "action_time": "2013-08-05T11:09:21.695Z", "object_repr": "Work Area / SC", "object_id": "8", "change_message": "Changed in_menus and groups.", "user": 1, "content_type": 8}}, {"pk": 45, "model": "admin.logentry", "fields": {"action_flag": 2, "action_time": "2013-08-05T11:11:37.669Z", "object_repr": "Work Area / SC", "object_id": "8", "change_message": "Changed content.", "user": 1, "content_type": 8}}, {"pk": 46, "model": "admin.logentry", "fields": {"action_flag": 3, "action_time": "2013-08-05T12:32:55.259Z", "object_repr": "Work Area / SC / 2013 June Meeting", "object_id": "9", "change_message": "", "user": 1, "content_type": 31}}, {"pk": 47, "model": "admin.logentry", "fields": {"action_flag": 1, "action_time": "2013-08-05T12:42:34.996Z", "object_repr": "Work Area / SC / SC 2013 June Meeting", "object_id": "9", "change_message": "", "user": 1, "content_type": 38}}, {"pk": 48, "model": "admin.logentry", "fields": {"action_flag": 2, "action_time": "2013-08-05T12:50:28.688Z", "object_repr": "Work Area / SC / SC 2013 June Meeting", "object_id": "9", "change_message": "Changed content.", "user": 1, "content_type": 38}}, {"pk": 49, "model": "admin.logentry", "fields": {"action_flag": 2, "action_time": "2013-08-05T12:50:41.801Z", "object_repr": "Work Area / SC / SC 2013 June Meeting", "object_id": "9", "change_message": "Changed content.", "user": 1, "content_type": 38}}, {"pk": 50, "model": "admin.logentry", "fields": {"action_flag": 2, "action_time": "2013-08-05T13:18:01.323Z", "object_repr": "Work Area / SC / SC 2013 June Meeting", "object_id": "9", "change_message": "Added Media File \"Simon Sf\".", "user": 1, "content_type": 38}}, {"pk": 51, "model": "admin.logentry", "fields": {"action_flag": 3, "action_time": "2013-08-05T14:13:38.118Z", "object_repr": "Work Area / SC / SC 2013 June Meeting", "object_id": "9", "change_message": "", "user": 1, "content_type": 31}}, {"pk": 52, "model": "admin.logentry", "fields": {"action_flag": 1, "action_time": "2013-08-06T09:11:27.470Z", "object_repr": "Work Area / SC / SC 2013 June Meeting", "object_id": "9", "change_message": "", "user": 1, "content_type": 45}}, {"pk": 53, "model": "admin.logentry", "fields": {"action_flag": 2, "action_time": "2013-08-06T09:12:13.045Z", "object_repr": "i", "object_id": "2", "change_message": "Changed password and groups.", "user": 1, "content_type": 3}}, {"pk": 54, "model": "admin.logentry", "fields": {"action_flag": 2, "action_time": "2013-08-06T12:30:59.231Z", "object_repr": "Work Area / SC / SC 2013 June Meeting", "object_id": "9", "change_message": "Added Publication \"Something Else\". Changed file_en and document_number for Publication \"Agenda\".", "user": 1, "content_type": 45}}, {"pk": 55, "model": "admin.logentry", "fields": {"action_flag": 2, "action_time": "2013-08-06T12:31:30.309Z", "object_repr": "Work Area / SC / SC 2013 June Meeting", "object_id": "9", "change_message": "Added Publication \"Thingamagingee Goes Here With Longish Name\".", "user": 1, "content_type": 45}}, {"pk": 56, "model": "admin.logentry", "fields": {"action_flag": 2, "action_time": "2013-08-06T12:36:28.828Z", "object_repr": "simon", "object_id": "1", "change_message": "Changed password and groups. Changed first_name and last_name for ippc user profile \"IppcUserProfile object\".", "user": 1, "content_type": 3}}, {"pk": 57, "model": "admin.logentry", "fields": {"action_flag": 2, "action_time": "2013-08-06T12:37:22.588Z", "object_repr": "Work Area / SC / SC 2013 June Meeting", "object_id": "9", "change_message": "Changed file_en for Publication \"Something Else\".", "user": 1, "content_type": 45}}, {"pk": 58, "model": "admin.logentry", "fields": {"action_flag": 2, "action_time": "2013-08-06T12:37:55.021Z", "object_repr": "Work Area / SC / SC 2013 June Meeting", "object_id": "9", "change_message": "Changed file_es for Publication \"Agenda\".", "user": 1, "content_type": 45}}, {"pk": 59, "model": "admin.logentry", "fields": {"action_flag": 2, "action_time": "2013-08-06T12:38:30.760Z", "object_repr": "Work Area / SC / SC 2013 June Meeting", "object_id": "9", "change_message": "Changed file_fr, file_ru, file_ar and file_zh for Publication \"Agenda\".", "user": 1, "content_type": 45}}, {"pk": 60, "model": "admin.logentry", "fields": {"action_flag": 2, "action_time": "2013-08-06T14:12:33.511Z", "object_repr": "Work Area", "object_id": "7", "change_message": "Changed in_menus.", "user": 1, "content_type": 32}}, {"pk": 61, "model": "admin.logentry", "fields": {"action_flag": 2, "action_time": "2013-08-06T14:30:36.953Z", "object_repr": "simon", "object_id": "1", "change_message": "Changed password and groups.", "user": 1, "content_type": 3}}, {"pk": 62, "model": "admin.logentry", "fields": {"action_flag": 2, "action_time": "2013-08-06T15:58:59.755Z", "object_repr": "SC", "object_id": "2", "change_message": "Changed permissions.", "user": 1, "content_type": 2}}, {"pk": 63, "model": "admin.logentry", "fields": {"action_flag": 2, "action_time": "2013-08-06T16:00:14.684Z", "object_repr": "SC", "object_id": "2", "change_message": "No fields changed.", "user": 1, "content_type": 2}}, {"pk": 64, "model": "admin.logentry", "fields": {"action_flag": 2, "action_time": "2013-08-06T16:06:46.710Z", "object_repr": "SC", "object_id": "2", "change_message": "No fields changed.", "user": 1, "content_type": 2}}, {"pk": 65, "model": "admin.logentry", "fields": {"action_flag": 2, "action_time": "2013-08-06T16:06:59.448Z", "object_repr": "i", "object_id": "2", "change_message": "Changed password and groups.", "user": 1, "content_type": 3}}, {"pk": 66, "model": "admin.logentry", "fields": {"action_flag": 2, "action_time": "2013-08-06T16:10:12.582Z", "object_repr": "simon", "object_id": "1", "change_message": "Changed password and groups. Changed first_name and last_name for ippc user profile \"IppcUserProfile object\".", "user": 1, "content_type": 3}}, {"pk": 67, "model": "admin.logentry", "fields": {"action_flag": 2, "action_time": "2013-08-07T08:00:16.992Z", "object_repr": "Work Area / SC / SC 2013 June Meeting", "object_id": "9", "change_message": "Changed login_required.", "user": 1, "content_type": 45}}, {"pk": 68, "model": "admin.logentry", "fields": {"action_flag": 1, "action_time": "2013-08-07T08:02:46.804Z", "object_repr": "Core Activities", "object_id": "10", "change_message": "", "user": 1, "content_type": 32}}, {"pk": 69, "model": "admin.logentry", "fields": {"action_flag": 1, "action_time": "2013-08-07T08:03:24.987Z", "object_repr": "Core Activities / Governance", "object_id": "11", "change_message": "", "user": 1, "content_type": 32}}, {"pk": 70, "model": "admin.logentry", "fields": {"action_flag": 2, "action_time": "2013-08-07T08:03:31.961Z", "object_repr": "Core Activities", "object_id": "10", "change_message": "No fields changed.", "user": 1, "content_type": 32}}, {"pk": 71, "model": "admin.logentry", "fields": {"action_flag": 2, "action_time": "2013-08-07T08:04:15.491Z", "object_repr": "Core Activities / Governance", "object_id": "11", "change_message": "Changed content.", "user": 1, "content_type": 32}}, {"pk": 72, "model": "admin.logentry", "fields": {"action_flag": 1, "action_time": "2013-08-07T08:05:37.336Z", "object_repr": "Core Activities / Governance / CPM", "object_id": "12", "change_message": "", "user": 1, "content_type": 32}}, {"pk": 73, "model": "admin.logentry", "fields": {"action_flag": 1, "action_time": "2013-08-07T08:06:09.804Z", "object_repr": "Core Activities / Governance / CPM / CPM8", "object_id": "13", "change_message": "", "user": 1, "content_type": 45}}, {"pk": 74, "model": "admin.logentry", "fields": {"action_flag": 1, "action_time": "2013-08-07T08:33:19.256Z", "object_repr": "TPDP", "object_id": "4", "change_message": "", "user": 1, "content_type": 2}}, {"pk": 75, "model": "admin.logentry", "fields": {"action_flag": 2, "action_time": "2013-08-07T08:33:37.781Z", "object_repr": "a", "object_id": "3", "change_message": "Changed password and groups.", "user": 1, "content_type": 3}}, {"pk": 76, "model": "admin.logentry", "fields": {"action_flag": 1, "action_time": "2013-08-07T08:35:04.694Z", "object_repr": "Work Area / TPDP", "object_id": "14", "change_message": "", "user": 1, "content_type": 8}}, {"pk": 77, "model": "admin.logentry", "fields": {"action_flag": 2, "action_time": "2013-08-07T08:35:20.468Z", "object_repr": "Work Area / TPDP", "object_id": "14", "change_message": "Changed login_required.", "user": 1, "content_type": 8}}, {"pk": 78, "model": "admin.logentry", "fields": {"action_flag": 1, "action_time": "2013-08-07T08:41:20.894Z", "object_repr": "Secretariat", "object_id": "5", "change_message": "", "user": 1, "content_type": 2}}, {"pk": 79, "model": "admin.logentry", "fields": {"action_flag": 2, "action_time": "2013-08-07T08:41:37.472Z", "object_repr": "simon", "object_id": "1", "change_message": "Changed password and groups.", "user": 1, "content_type": 3}}, {"pk": 80, "model": "admin.logentry", "fields": {"action_flag": 2, "action_time": "2013-08-07T09:31:23.326Z", "object_repr": "Work Area / TPDP", "object_id": "14", "change_message": "Changed groups.", "user": 1, "content_type": 8}}, {"pk": 81, "model": "admin.logentry", "fields": {"action_flag": 2, "action_time": "2013-08-07T09:31:41.049Z", "object_repr": "Work Area / SC", "object_id": "8", "change_message": "Changed groups.", "user": 1, "content_type": 8}}, {"pk": 82, "model": "admin.logentry", "fields": {"action_flag": 2, "action_time": "2013-08-07T09:45:40.388Z", "object_repr": "Work Area / SC", "object_id": "8", "change_message": "Changed groups.", "user": 1, "content_type": 8}}, {"pk": 83, "model": "admin.logentry", "fields": {"action_flag": 2, "action_time": "2013-08-07T09:45:58.158Z", "object_repr": "Work Area / SC", "object_id": "8", "change_message": "Changed groups.", "user": 1, "content_type": 8}}, {"pk": 84, "model": "admin.logentry", "fields": {"action_flag": 2, "action_time": "2013-08-07T09:46:07.152Z", "object_repr": "Work Area / SC", "object_id": "8", "change_message": "Changed groups.", "user": 1, "content_type": 8}}, {"pk": 85, "model": "admin.logentry", "fields": {"action_flag": 2, "action_time": "2013-08-07T09:46:32.027Z", "object_repr": "a", "object_id": "3", "change_message": "Changed password and groups.", "user": 1, "content_type": 3}}, {"pk": 86, "model": "admin.logentry", "fields": {"action_flag": 2, "action_time": "2013-08-07T09:46:40.128Z", "object_repr": "a", "object_id": "3", "change_message": "Changed password and groups.", "user": 1, "content_type": 3}}, {"pk": 87, "model": "admin.logentry", "fields": {"action_flag": 2, "action_time": "2013-08-07T10:01:30.307Z", "object_repr": "simon", "object_id": "1", "change_message": "Changed password and groups. Added Site permission \"SitePermission object\". Changed first_name and last_name for ippc user profile \"IppcUserProfile object\".", "user": 1, "content_type": 3}}, {"pk": 88, "model": "admin.logentry", "fields": {"action_flag": 1, "action_time": "2013-08-07T10:02:36.359Z", "object_repr": "Public", "object_id": "6", "change_message": "", "user": 1, "content_type": 2}}, {"pk": 89, "model": "admin.logentry", "fields": {"action_flag": 1, "action_time": "2013-08-07T10:03:46.964Z", "object_repr": "Core Activities / Governance / CPM / CPM8", "object_id": "15", "change_message": "", "user": 1, "content_type": 45}}, {"pk": 90, "model": "admin.logentry", "fields": {"action_flag": 3, "action_time": "2013-08-07T10:03:58.313Z", "object_repr": "Core Activities / Governance / CPM / CPM8", "object_id": "13", "change_message": "", "user": 1, "content_type": 31}}, {"pk": 91, "model": "admin.logentry", "fields": {"action_flag": 2, "action_time": "2013-08-07T10:04:14.904Z", "object_repr": "Core Activities / Governance / CPM / CPM8", "object_id": "15", "change_message": "Changed groups and in_menus.", "user": 1, "content_type": 45}}, {"pk": 92, "model": "admin.logentry", "fields": {"action_flag": 2, "action_time": "2013-08-07T10:06:28.247Z", "object_repr": "Core Activities / Governance / CPM / CPM8", "object_id": "15", "change_message": "Changed groups.", "user": 1, "content_type": 45}}, {"pk": 93, "model": "admin.logentry", "fields": {"action_flag": 2, "action_time": "2013-08-07T11:16:06.509Z", "object_repr": "Work Area / SC / SC 2013 June Meeting", "object_id": "9", "change_message": "Changed groups.", "user": 1, "content_type": 45}}, {"pk": 94, "model": "admin.logentry", "fields": {"action_flag": 2, "action_time": "2013-08-07T11:16:24.240Z", "object_repr": "i", "object_id": "2", "change_message": "Changed password and groups.", "user": 1, "content_type": 3}}, {"pk": 95, "model": "admin.logentry", "fields": {"action_flag": 2, "action_time": "2013-08-07T11:16:33.792Z", "object_repr": "a", "object_id": "3", "change_message": "Changed password and groups.", "user": 1, "content_type": 3}}, {"pk": 96, "model": "admin.logentry", "fields": {"action_flag": 2, "action_time": "2013-08-07T11:16:57.437Z", "object_repr": "Work Area / SC / SC 2013 June Meeting", "object_id": "9", "change_message": "Changed groups.", "user": 1, "content_type": 45}}, {"pk": 97, "model": "admin.logentry", "fields": {"action_flag": 2, "action_time": "2013-08-07T11:17:47.131Z", "object_repr": "Core Activities / Governance / CPM", "object_id": "12", "change_message": "Changed content and description.", "user": 1, "content_type": 32}}, {"pk": 98, "model": "admin.logentry", "fields": {"action_flag": 2, "action_time": "2013-08-07T11:37:36.760Z", "object_repr": "Core Activities / Governance / CPM / CPM8", "object_id": "15", "change_message": "Changed slug.", "user": 1, "content_type": 45}}, {"pk": 99, "model": "admin.logentry", "fields": {"action_flag": 2, "action_time": "2013-08-07T12:35:30.619Z", "object_repr": "Core Activities / Governance / CPM / CPM8", "object_id": "15", "change_message": "No fields changed.", "user": 1, "content_type": 45}}, {"pk": 100, "model": "admin.logentry", "fields": {"action_flag": 3, "action_time": "2013-08-07T12:48:04.172Z", "object_repr": "Public", "object_id": "6", "change_message": "", "user": 1, "content_type": 2}}, {"pk": 101, "model": "admin.logentry", "fields": {"action_flag": 2, "action_time": "2013-08-07T12:48:39.595Z", "object_repr": "Country Chief Contact Point", "object_id": "3", "change_message": "Changed name.", "user": 1, "content_type": 2}}, {"pk": 102, "model": "admin.logentry", "fields": {"action_flag": 1, "action_time": "2013-08-07T12:50:52.559Z", "object_repr": "TPPT", "object_id": "6", "change_message": "", "user": 1, "content_type": 2}}, {"pk": 103, "model": "admin.logentry", "fields": {"action_flag": 2, "action_time": "2013-08-07T12:51:02.462Z", "object_repr": "TPPT", "object_id": "6", "change_message": "No fields changed.", "user": 1, "content_type": 2}}, {"pk": 104, "model": "admin.logentry", "fields": {"action_flag": 1, "action_time": "2013-08-07T12:51:15.872Z", "object_repr": "TPG", "object_id": "7", "change_message": "", "user": 1, "content_type": 2}}, {"pk": 105, "model": "admin.logentry", "fields": {"action_flag": 1, "action_time": "2013-08-07T12:51:26.728Z", "object_repr": "TPFQ", "object_id": "8", "change_message": "", "user": 1, "content_type": 2}}, {"pk": 106, "model": "admin.logentry", "fields": {"action_flag": 1, "action_time": "2013-08-07T12:51:35.545Z", "object_repr": "TPFF", "object_id": "9", "change_message": "", "user": 1, "content_type": 2}}, {"pk": 107, "model": "admin.logentry", "fields": {"action_flag": 1, "action_time": "2013-08-07T12:51:48.874Z", "object_repr": "Bureau", "object_id": "10", "change_message": "", "user": 1, "content_type": 2}}, {"pk": 108, "model": "admin.logentry", "fields": {"action_flag": 1, "action_time": "2013-08-07T12:51:57.958Z", "object_repr": "SBDS", "object_id": "11", "change_message": "", "user": 1, "content_type": 2}}, {"pk": 109, "model": "admin.logentry", "fields": {"action_flag": 1, "action_time": "2013-08-07T12:52:12.019Z", "object_repr": "IFQR", "object_id": "12", "change_message": "", "user": 1, "content_type": 2}}, {"pk": 110, "model": "admin.logentry", "fields": {"action_flag": 1, "action_time": "2013-08-07T12:52:20.768Z", "object_repr": "TPDPC", "object_id": "13", "change_message": "", "user": 1, "content_type": 2}}, {"pk": 111, "model": "admin.logentry", "fields": {"action_flag": 1, "action_time": "2013-08-07T12:52:30.800Z", "object_repr": "CDC", "object_id": "14", "change_message": "", "user": 1, "content_type": 2}}, {"pk": 112, "model": "admin.logentry", "fields": {"action_flag": 1, "action_time": "2013-08-07T12:52:38.805Z", "object_repr": "ISLG", "object_id": "15", "change_message": "", "user": 1, "content_type": 2}}, {"pk": 113, "model": "admin.logentry", "fields": {"action_flag": 1, "action_time": "2013-08-07T12:52:53.906Z", "object_repr": "Observers", "object_id": "16", "change_message": "", "user": 1, "content_type": 2}}, {"pk": 114, "model": "admin.logentry", "fields": {"action_flag": 1, "action_time": "2013-08-07T12:53:04.876Z", "object_repr": "EphytoXml", "object_id": "17", "change_message": "", "user": 1, "content_type": 2}}, {"pk": 115, "model": "admin.logentry", "fields": {"action_flag": 1, "action_time": "2013-08-07T12:53:16.717Z", "object_repr": "EphytoSecurity", "object_id": "18", "change_message": "", "user": 1, "content_type": 2}}, {"pk": 116, "model": "admin.logentry", "fields": {"action_flag": 1, "action_time": "2013-08-07T12:53:44.524Z", "object_repr": "WgSeaContainer", "object_id": "19", "change_message": "", "user": 1, "content_type": 2}}, {"pk": 117, "model": "admin.logentry", "fields": {"action_flag": 1, "action_time": "2013-08-07T12:53:54.512Z", "object_repr": "EwgSeeds", "object_id": "20", "change_message": "", "user": 1, "content_type": 2}}, {"pk": 118, "model": "admin.logentry", "fields": {"action_flag": 1, "action_time": "2013-08-07T12:54:07.046Z", "object_repr": "FaoPlantProtectionOfficers", "object_id": "21", "change_message": "", "user": 1, "content_type": 2}}, {"pk": 119, "model": "admin.logentry", "fields": {"action_flag": 1, "action_time": "2013-08-07T12:54:20.237Z", "object_repr": "FrameworkForStandards", "object_id": "22", "change_message": "", "user": 1, "content_type": 2}}, {"pk": 120, "model": "admin.logentry", "fields": {"action_flag": 2, "action_time": "2013-08-07T12:55:54.098Z", "object_repr": "i", "object_id": "2", "change_message": "Changed password and groups. Changed title, email_address_alt, gender, bio, address1, address2, city, state, zipcode, address_country, phone, fax and mobile for ippc user profile \"IppcUserProfile object\".", "user": 1, "content_type": 3}}, {"pk": 121, "model": "admin.logentry", "fields": {"action_flag": 2, "action_time": "2013-08-07T12:56:40.726Z", "object_repr": "a", "object_id": "3", "change_message": "Changed password and groups. Changed title, email_address_alt, gender, bio and address_country for ippc user profile \"IppcUserProfile object\".", "user": 1, "content_type": 3}}, {"pk": 122, "model": "admin.logentry", "fields": {"action_flag": 2, "action_time": "2013-08-07T12:57:04.813Z", "object_repr": "i", "object_id": "2", "change_message": "Changed password and groups.", "user": 1, "content_type": 3}}, {"pk": 123, "model": "admin.logentry", "fields": {"action_flag": 2, "action_time": "2013-08-07T12:57:52.198Z", "object_repr": "Italy", "object_id": "5", "change_message": "Changed contact_point and editors.", "user": 1, "content_type": 9}}, {"pk": 124, "model": "admin.logentry", "fields": {"action_flag": 2, "action_time": "2013-08-07T13:00:13.643Z", "object_repr": "American Samoa", "object_id": "6", "change_message": "Changed contact_point and editors.", "user": 1, "content_type": 9}}, {"pk": 125, "model": "admin.logentry", "fields": {"action_flag": 2, "action_time": "2013-08-07T13:00:36.559Z", "object_repr": "as.nppo", "object_id": "3", "change_message": "Changed username and password.", "user": 1, "content_type": 3}}, {"pk": 126, "model": "admin.logentry", "fields": {"action_flag": 2, "action_time": "2013-08-07T13:00:46.612Z", "object_repr": "it-nppo", "object_id": "2", "change_message": "Changed username and password.", "user": 1, "content_type": 3}}, {"pk": 127, "model": "admin.logentry", "fields": {"action_flag": 1, "action_time": "2013-08-07T13:01:29.418Z", "object_repr": "sc.member", "object_id": "4", "change_message": "", "user": 1, "content_type": 3}}, {"pk": 128, "model": "admin.logentry", "fields": {"action_flag": 2, "action_time": "2013-08-07T13:05:36.918Z", "object_repr": "sc.member", "object_id": "4", "change_message": "Changed password, email and groups. Changed first_name, last_name, gender, bio and address_country for ippc user profile \"IppcUserProfile object\".", "user": 1, "content_type": 3}}, {"pk": 129, "model": "admin.logentry", "fields": {"action_flag": 1, "action_time": "2013-08-07T13:07:49.073Z", "object_repr": "Call", "object_id": "1", "change_message": "", "user": 1, "content_type": 26}}, {"pk": 130, "model": "admin.logentry", "fields": {"action_flag": 1, "action_time": "2013-08-07T13:09:06.929Z", "object_repr": "News Item Test", "object_id": "1", "change_message": "", "user": 1, "content_type": 25}}, {"pk": 131, "model": "admin.logentry", "fields": {"action_flag": 2, "action_time": "2013-08-07T13:09:41.872Z", "object_repr": "News & Calls", "object_id": "1", "change_message": "Changed slug.", "user": 1, "content_type": 32}}, {"pk": 132, "model": "admin.logentry", "fields": {"action_flag": 2, "action_time": "2013-08-07T13:10:02.168Z", "object_repr": "News Item Test", "object_id": "1", "change_message": "No fields changed.", "user": 1, "content_type": 25}}, {"pk": 133, "model": "admin.logentry", "fields": {"action_flag": 1, "action_time": "2013-08-07T13:10:39.533Z", "object_repr": "Call Test", "object_id": "2", "change_message": "", "user": 1, "content_type": 25}}, {"pk": 134, "model": "admin.logentry", "fields": {"action_flag": 1, "action_time": "2013-08-07T13:18:09.243Z", "object_repr": "sec", "object_id": "5", "change_message": "", "user": 1, "content_type": 3}}, {"pk": 135, "model": "admin.logentry", "fields": {"action_flag": 2, "action_time": "2013-08-07T13:19:13.242Z", "object_repr": "sec", "object_id": "5", "change_message": "Changed password, email and groups. Changed title, first_name, last_name and gender for ippc user profile \"IppcUserProfile object\".", "user": 1, "content_type": 3}}, {"pk": 136, "model": "admin.logentry", "fields": {"action_flag": 2, "action_time": "2013-08-07T13:20:35.423Z", "object_repr": "Work Area / TPDP", "object_id": "14", "change_message": "Changed content.", "user": 1, "content_type": 8}}, {"pk": 137, "model": "admin.logentry", "fields": {"action_flag": 2, "action_time": "2013-08-07T13:41:39.112Z", "object_repr": "sec", "object_id": "5", "change_message": "Changed password and is_staff.", "user": 1, "content_type": 3}}, {"pk": 138, "model": "admin.logentry", "fields": {"action_flag": 2, "action_time": "2013-08-07T13:45:11.324Z", "object_repr": "Secretariat", "object_id": "5", "change_message": "Changed permissions.", "user": 1, "content_type": 2}}, {"pk": 139, "model": "admin.logentry", "fields": {"action_flag": 2, "action_time": "2013-08-07T16:05:41.414Z", "object_repr": "Key Documents", "object_id": "2", "change_message": "Changed in_menus and description.", "user": 1, "content_type": 32}}, {"pk": 140, "model": "admin.logentry", "fields": {"action_flag": 2, "action_time": "2013-08-08T07:24:33.867Z", "object_repr": "Core Activities", "object_id": "10", "change_message": "Changed in_menus.", "user": 1, "content_type": 32}}, {"pk": 141, "model": "admin.logentry", "fields": {"action_flag": 2, "action_time": "2013-09-03T09:58:11.488Z", "object_repr": "Core Activities / Governance / CPM", "object_id": "12", "change_message": "Changed content and description.", "user": 1, "content_type": 32}}, {"pk": 142, "model": "admin.logentry", "fields": {"action_flag": 1, "action_time": "2013-09-03T14:44:16.328Z", "object_repr": "Message object", "object_id": "1", "change_message": "", "user": 1, "content_type": 49}}, {"pk": 143, "model": "admin.logentry", "fields": {"action_flag": 2, "action_time": "2013-11-20T14:00:27.616Z", "object_repr": "Core Activities / Governance / CPM / CPM8", "object_id": "15", "change_message": "Changed content.", "user": 1, "content_type": 45}}, {"pk": 144, "model": "admin.logentry", "fields": {"action_flag": 2, "action_time": "2013-11-20T14:01:14.647Z", "object_repr": "Core Activities / Governance / CPM / CPM8", "object_id": "15", "change_message": "Changed groups.", "user": 1, "content_type": 45}}, {"pk": 145, "model": "admin.logentry", "fields": {"action_flag": 2, "action_time": "2013-11-20T14:02:14.393Z", "object_repr": "Core Activities / Governance / CPM / CPM8", "object_id": "15", "change_message": "Changed groups.", "user": 1, "content_type": 45}}, {"pk": 146, "model": "admin.logentry", "fields": {"action_flag": 2, "action_time": "2013-11-20T14:03:36.270Z", "object_repr": "Secretariat", "object_id": "5", "change_message": "Changed permissions.", "user": 1, "content_type": 2}}, {"pk": 147, "model": "admin.logentry", "fields": {"action_flag": 2, "action_time": "2013-11-20T14:03:55.391Z", "object_repr": "Core Activities / Governance / CPM / CPM8", "object_id": "15", "change_message": "No fields changed.", "user": 1, "content_type": 45}}, {"pk": 148, "model": "admin.logentry", "fields": {"action_flag": 2, "action_time": "2014-05-20T12:25:50.834Z", "object_repr": "About", "object_id": "3", "change_message": "Added Translated Page \"Sur\".", "user": 1, "content_type": 32}}, {"pk": 149, "model": "admin.logentry", "fields": {"action_flag": 1, "action_time": "2014-05-22T13:16:13.387Z", "object_repr": "Form", "object_id": "16", "change_message": "", "user": 1, "content_type": 27}}, {"pk": 150, "model": "admin.logentry", "fields": {"action_flag": 3, "action_time": "2014-05-22T13:20:01.503Z", "object_repr": "Form", "object_id": "16", "change_message": "", "user": 1, "content_type": 31}}, {"pk": 151, "model": "admin.logentry", "fields": {"action_flag": 1, "action_time": "2014-05-22T13:23:27.865Z", "object_repr": "Test", "object_id": "16", "change_message": "", "user": 1, "content_type": 32}}, {"pk": 152, "model": "admin.logentry", "fields": {"action_flag": 2, "action_time": "2014-06-05T11:53:19.974Z", "object_repr": "Core Activities / Governance / CPM / CPM8", "object_id": "15", "change_message": "Added Publication \"Test\".", "user": 1, "content_type": 45}}, {"pk": 153, "model": "admin.logentry", "fields": {"action_flag": 1, "action_time": "2014-06-10T12:39:19.868Z", "object_repr": "/about-us/ ---> /about/", "object_id": "1", "change_message": "", "user": 1, "content_type": 5}}, {"pk": 154, "model": "admin.logentry", "fields": {"action_flag": 2, "action_time": "2014-06-10T12:39:45.364Z", "object_repr": "/about-us/ ---> /about/", "object_id": "1", "change_message": "No fields changed.", "user": 1, "content_type": 5}}, {"pk": 155, "model": "admin.logentry", "fields": {"action_flag": 2, "action_time": "2014-06-10T12:44:20.428Z", "object_repr": "/here/ ---> /about/", "object_id": "1", "change_message": "Changed old_path.", "user": 1, "content_type": 5}}, {"pk": 156, "model": "admin.logentry", "fields": {"action_flag": 2, "action_time": "2014-06-10T12:44:44.997Z", "object_repr": "/en/here/ ---> /about/", "object_id": "1", "change_message": "Changed old_path.", "user": 1, "content_type": 5}}, {"pk": 157, "model": "admin.logentry", "fields": {"action_flag": 1, "action_time": "2014-06-10T14:02:17.444Z", "object_repr": "Calls", "object_id": "2", "change_message": "", "user": 1, "content_type": 26}}, {"pk": 158, "model": "admin.logentry", "fields": {"action_flag": 2, "action_time": "2014-06-10T14:02:27.206Z", "object_repr": "Call Test", "object_id": "2", "change_message": "Changed categories.", "user": 1, "content_type": 25}}, {"pk": 159, "model": "admin.logentry", "fields": {"action_flag": 3, "action_time": "2014-06-10T14:05:09.206Z", "object_repr": "Call", "object_id": "1", "change_message": "", "user": 1, "content_type": 26}}, {"pk": 1, "model": "comments.comment", "fields": {"comment": "Very nice!", "user_url": "http://me.com/", "submit_date": "2013-11-20T14:07:38.776Z", "ip_address": "127.0.0.1", "object_pk": "2", "site": 1, "is_removed": false, "user": null, "content_type": 25, "is_public": true, "user_name": "Me", "user_email": "me@me.com"}}, {"pk": 2, "model": "comments.comment", "fields": {"comment": "And it is me again, uis aute irure dolor in reprehenderit in voluptate velit esse cillum dolore eu fugiat nulla pariatur. Excepteur sint occaecat cupidatat non proident, sunt in culpa qui officia deserunt mollit anim id est laborum exercitation ullamco laboris nisi ut aliquip ex ea commodo consequat.", "user_url": "http://me.com/", "submit_date": "2013-11-20T14:07:59.482Z", "ip_address": "127.0.0.1", "object_pk": "2", "site": 1, "is_removed": false, "user": null, "content_type": 25, "is_public": true, "user_name": "Me", "user_email": "me@me.com"}}]